,sat_id,start,end
0,srl,2013-02-27 13:14:00,2013-02-27 13:19:00
1,srl,2013-02-27 14:58:00,2013-02-27 15:04:00
2,srl,2013-03-01 15:51:00,2013-03-01 15:53:00
3,srl,2013-03-02 06:03:00,2013-03-02 06:05:00
4,srl,2013-03-03 02:10:00,2013-03-03 02:12:00
5,srl,2013-03-05 01:05:00,2013-03-05 01:06:00
6,srl,2013-03-13 00:03:00,2013-03-13 00:04:00
7,srl,2013-03-23 12:14:00,2013-03-23 12:14:00
8,srl,2013-04-13 12:54:00,2013-04-13 12:54:00
9,srl,2013-05-15 12:48:00,2013-05-15 12:48:00
10,srl,2013-06-07 12:25:00,2013-06-07 12:25:00
11,srl,2013-06-24 13:31:00,2013-06-24 13:31:00
12,srl,2013-07-14 14:42:00,2013-07-14 14:42:00
13,srl,2013-07-29 00:54:00,2013-07-29 00:58:00
14,srl,2013-07-31 14:08:00,2013-07-31 14:08:00
15,srl,2013-08-07 13:48:00,2013-08-07 13:48:00
16,srl,2013-08-26 13:51:00,2013-08-26 13:51:00
17,srl,2013-10-03 13:56:00,2013-10-03 13:57:00
18,srl,2013-10-07 13:30:00,2013-10-07 13:32:00
19,srl,2013-10-09 14:08:00,2013-10-09 14:08:00
20,srl,2013-10-28 14:11:00,2013-10-28 14:11:00
21,srl,2013-11-07 13:57:00,2013-11-07 13:57:00
22,srl,2013-11-25 14:31:00,2013-11-25 14:31:00
23,srl,2013-12-12 13:56:00,2013-12-12 13:57:00
24,srl,2013-12-27 14:25:00,2013-12-27 14:25:00
25,srl,2014-01-28 12:39:00,2014-01-28 12:39:00
26,srl,2014-03-03 14:51:00,2014-03-03 14:51:00
27,srl,2014-03-26 12:47:00,2014-03-26 12:47:00
28,srl,2014-04-18 12:24:00,2014-04-18 12:24:00
29,srl,2014-05-19 14:31:00,2014-05-19 14:31:00
30,srl,2014-07-09 12:47:00,2014-07-09 12:47:00
31,srl,2014-08-13 12:47:00,2014-08-13 12:47:00
32,srl,2014-09-12 13:45:00,2014-09-12 13:45:00
33,srl,2014-10-06 12:40:00,2014-10-06 12:40:00
34,srl,2014-10-10 12:14:00,2014-10-10 12:15:00
35,srl,2014-10-16 12:27:00,2014-10-16 12:27:00
36,srl,2014-11-04 12:27:00,2014-11-04 12:27:00
37,srl,2014-11-21 13:39:00,2014-11-21 13:39:00
38,srl,2014-12-10 13:47:00,2014-12-10 13:47:00
39,srl,2014-12-26 13:44:00,2014-12-26 13:44:00
40,srl,2015-01-22 14:31:00,2015-01-22 14:31:00
41,srl,2015-02-21 13:48:00,2015-02-21 13:48:00
42,srl,2015-03-31 13:50:00,2015-03-31 13:50:00
43,srl,2015-04-09 12:28:00,2015-04-09 12:28:00
44,srl,2015-05-26 10:01:00,2015-05-26 10:02:00
45,srl,2015-05-26 12:51:00,2015-05-26 12:51:00
46,srl,2015-06-16 13:23:00,2015-06-16 13:42:00
47,srl,2015-07-08 13:32:00,2015-07-08 13:50:00
48,srl,2015-08-11 12:24:00,2015-08-11 12:43:00
49,srl,2015-08-24 12:15:00,2015-08-24 12:34:00
50,srl,2015-10-21 13:33:00,2015-10-21 13:52:00
51,srl,2015-11-12 13:41:00,2015-11-12 13:57:00
52,srl,2015-11-26 13:08:00,2015-11-26 13:24:00
53,srl,2016-01-07 14:28:00,2016-01-07 14:44:00
54,srl,2016-03-18 15:08:00,2016-03-18 15:25:00
55,srl,2016-04-07 13:18:00,2016-04-07 13:34:00
56,srl,2016-07-04 12:13:00,2016-07-04 12:31:00
57,srl,2017-12-02 12:32:00,2017-12-02 12:48:00
58,srl,2019-06-01 13:29:00,2019-06-01 13:46:00
59,srl,2021-11-20 12:18:00,2021-11-20 12:18:00
60,srl,2022-04-18 11:08:00,2022-04-18 11:28:00
61,srl,2022-09-21 11:46:00,2022-09-21 11:46:00
62,srl,2023-01-27 11:51:00,2023-01-27 11:51:00
63,srl,2023-05-26 12:58:00,2023-05-26 12:58:00
0,en1,2002-04-19 04:55:00,2002-04-19 07:46:00
1,en1,2002-05-09 05:21:00,2002-05-09 08:12:00
2,en1,2002-06-01 10:26:00,2002-06-01 13:16:00
3,en1,2002-07-06 03:47:00,2002-07-06 06:38:00
4,en1,2002-08-06 03:38:00,2002-08-06 06:28:00
5,en1,2002-08-26 17:07:00,2002-08-26 19:58:00
6,en1,2002-09-09 23:35:00,2002-09-10 01:48:00
7,en1,2002-09-11 01:55:00,2002-09-11 03:55:00
8,en1,2002-09-25 22:21:00,2002-09-26 01:11:00
9,en1,2002-10-17 19:18:00,2002-10-17 22:09:00
10,en1,2002-11-07 18:15:00,2002-11-07 21:06:00
11,en1,2002-11-29 03:35:00,2002-11-29 06:25:00
12,en1,2002-12-18 04:28:00,2002-12-18 06:36:00
13,en1,2002-12-18 22:17:00,2002-12-19 00:17:00
14,en1,2003-01-14 00:55:00,2003-01-14 03:45:00
15,en1,2003-02-11 23:04:00,2003-02-12 01:04:00
16,en1,2003-02-21 03:42:00,2003-02-21 05:53:00
17,en1,2003-03-03 23:51:00,2003-03-04 01:51:00
18,en1,2003-04-04 00:41:00,2003-04-04 02:41:00
19,en1,2003-05-14 22:40:00,2003-05-15 00:40:00
20,en1,2003-05-20 04:11:00,2003-05-20 06:23:00
21,en1,2003-06-07 01:08:00,2003-06-07 03:08:00
22,en1,2003-07-11 00:58:00,2003-07-11 03:49:00
23,en1,2003-08-15 01:31:00,2003-08-15 03:31:00
24,en1,2003-09-30 00:40:00,2003-09-30 02:41:00
25,en1,2003-10-28 04:56:00,2003-10-28 07:09:00
26,en1,2003-10-31 01:13:00,2003-10-31 03:13:00
27,en1,2003-11-18 23:02:00,2003-11-19 01:52:00
28,en1,2003-12-15 21:02:00,2003-12-15 23:02:00
29,en1,2003-12-26 21:03:00,2003-12-26 23:03:00
30,en1,2004-01-21 23:54:00,2004-01-22 01:54:00
31,en1,2004-01-26 22:26:00,2004-01-27 00:26:00
32,en1,2004-02-04 04:46:00,2004-02-04 06:58:00
33,en1,2004-02-05 11:17:00,2004-02-05 13:17:00
34,en1,2004-02-24 11:48:00,2004-02-24 13:48:00
35,en1,2004-04-07 20:05:00,2004-04-07 22:05:00
36,en1,2004-04-14 04:43:00,2004-04-14 06:55:00
37,en1,2004-05-07 01:08:00,2004-05-07 03:09:00
38,en1,2004-06-30 08:08:00,2004-06-30 10:08:00
39,en1,2004-08-17 02:04:00,2004-08-17 04:04:00
40,en1,2004-09-01 22:52:00,2004-09-02 00:52:00
41,en1,2004-09-02 23:44:00,2004-09-03 01:44:00
42,en1,2004-09-21 04:14:00,2004-09-21 06:29:00
43,en1,2004-09-24 03:53:00,2004-09-24 05:53:00
44,en1,2004-10-22 03:20:00,2004-10-22 07:00:00
45,en1,2004-11-12 01:07:00,2004-11-12 03:08:00
46,en1,2004-12-17 01:03:00,2004-12-17 03:03:00
47,en1,2005-01-05 23:10:00,2005-01-06 01:10:00
48,en1,2005-01-07 04:25:00,2005-01-07 06:38:00
49,en1,2005-02-18 01:23:00,2005-02-18 03:23:00
50,en1,2005-03-17 04:51:00,2005-03-17 07:06:00
51,en1,2005-03-30 22:45:00,2005-03-31 00:46:00
52,en1,2005-04-01 22:37:00,2005-04-02 00:37:00
53,en1,2005-05-20 00:10:00,2005-05-20 02:10:00
54,en1,2005-06-08 19:06:00,2005-06-08 21:06:00
55,en1,2005-08-09 22:45:00,2005-08-10 00:45:00
56,en1,2005-09-07 05:19:00,2005-09-07 07:36:00
57,en1,2005-10-06 02:19:00,2005-10-06 02:19:00
58,en1,2005-12-02 00:10:00,2005-12-02 00:10:00
59,en1,2006-01-04 05:01:00,2006-01-04 05:01:00
60,en1,2006-01-10 05:54:00,2006-01-10 06:11:00
61,en1,2006-01-19 23:47:00,2006-01-19 23:47:00
62,en1,2006-03-28 05:33:00,2006-03-28 05:52:00
63,en1,2006-03-31 05:48:00,2006-03-31 05:48:00
64,en1,2006-06-01 00:53:00,2006-06-01 00:53:00
65,en1,2006-06-20 01:18:00,2006-06-20 02:58:00
66,en1,2006-09-12 02:19:00,2006-09-12 04:19:00
67,en1,2006-09-13 05:22:00,2006-09-13 05:40:00
68,en1,2006-11-15 03:07:00,2006-11-15 03:08:00
69,en1,2006-12-20 23:39:00,2006-12-20 23:39:00
70,en1,2007-01-23 04:33:00,2007-01-23 04:51:00
71,en1,2007-01-24 02:03:00,2007-01-24 02:03:00
72,en1,2007-02-22 03:06:00,2007-02-22 03:06:00
73,en1,2007-04-03 04:34:00,2007-04-03 04:50:00
74,en1,2007-04-05 03:05:00,2007-04-05 03:05:00
75,en1,2007-05-16 03:36:00,2007-05-16 03:36:00
76,en1,2007-06-15 01:36:00,2007-06-15 01:36:00
77,en1,2007-07-10 03:00:00,2007-07-10 03:00:00
78,en1,2007-07-17 04:41:00,2007-07-17 04:43:00
79,en1,2007-07-18 03:07:00,2007-07-18 03:08:00
80,en1,2007-08-09 02:59:00,2007-08-09 02:59:00
81,en1,2007-09-27 05:16:00,2007-09-27 05:31:00
82,en1,2007-09-28 03:16:00,2007-09-28 03:16:00
83,en1,2007-10-25 03:00:00,2007-10-25 03:00:00
84,en1,2007-11-29 03:19:00,2007-11-29 03:19:00
85,en1,2007-12-04 04:34:00,2007-12-04 04:49:00
86,en1,2007-12-07 02:47:00,2007-12-07 02:47:00
87,en1,2008-01-02 20:29:00,2008-01-02 20:29:00
88,en1,2008-01-10 20:45:00,2008-01-10 20:45:00
89,en1,2008-02-12 04:35:00,2008-02-12 04:49:00
90,en1,2008-03-07 03:17:00,2008-03-07 03:17:00
91,en1,2008-04-18 03:21:00,2008-04-18 03:21:00
92,en1,2008-04-22 04:37:00,2008-04-22 04:47:00
93,en1,2008-04-24 14:11:00,2008-04-24 14:11:00
94,en1,2008-05-30 03:05:00,2008-05-30 03:05:00
95,en1,2008-07-01 04:41:00,2008-07-01 04:43:00
96,en1,2008-07-03 03:15:00,2008-07-03 04:55:00
97,en1,2008-08-29 01:36:00,2008-08-29 01:36:00
98,en1,2008-09-09 04:34:00,2008-09-09 04:50:00
99,en1,2008-09-10 02:41:00,2008-09-10 02:41:00
100,en1,2008-09-19 02:54:00,2008-09-19 02:54:00
101,en1,2008-11-07 01:37:00,2008-11-07 01:37:00
102,en1,2008-11-18 04:35:00,2008-11-18 04:49:00
103,en1,2008-12-19 03:12:00,2008-12-19 03:12:00
104,en1,2009-01-27 03:35:00,2009-01-27 05:49:00
105,en1,2009-01-28 01:26:00,2009-01-28 03:26:00
106,en1,2009-02-17 03:27:00,2009-02-17 03:27:00
107,en1,2009-03-13 03:06:00,2009-03-13 03:06:00
108,en1,2009-04-07 04:34:00,2009-04-07 04:50:00
109,en1,2009-04-15 22:16:00,2009-04-15 23:56:00
110,en1,2009-04-21 02:50:00,2009-04-21 02:50:00
111,en1,2009-05-20 01:32:00,2009-05-20 03:13:00
112,en1,2009-07-09 03:01:00,2009-07-09 03:01:00
113,en1,2009-07-21 04:40:00,2009-07-21 04:44:00
114,en1,2009-07-23 02:00:00,2009-07-23 02:50:00
115,en1,2009-09-29 04:33:00,2009-09-29 04:51:00
116,en1,2009-10-15 01:56:00,2009-10-15 01:56:00
117,en1,2009-11-04 07:51:00,2009-11-04 09:32:00
118,en1,2009-11-06 02:35:00,2009-11-06 02:35:00
119,en1,2009-12-03 03:04:00,2009-12-03 03:04:00
120,en1,2009-12-08 04:34:00,2009-12-08 04:49:00
121,en1,2009-12-09 22:18:00,2009-12-09 22:18:00
122,en1,2009-12-18 02:24:00,2009-12-18 02:24:00
123,en1,2010-01-21 01:03:00,2010-01-21 04:44:00
124,en1,2010-01-22 01:52:00,2010-01-22 01:52:00
125,en1,2010-02-16 04:33:00,2010-02-16 04:50:00
126,en1,2010-02-22 21:13:00,2010-02-22 22:04:00
127,en1,2010-03-17 17:24:00,2010-03-17 19:05:00
128,en1,2010-04-17 03:03:00,2010-04-17 04:44:00
129,en1,2010-04-27 04:37:00,2010-04-27 04:47:00
130,en1,2010-05-28 02:35:00,2010-05-28 04:15:00
131,en1,2010-06-25 03:22:00,2010-06-25 03:23:00
132,en1,2010-07-06 04:37:00,2010-07-06 04:47:00
133,en1,2010-07-07 02:03:00,2010-07-07 02:03:00
134,en1,2010-07-30 05:20:00,2010-07-30 05:20:00
135,en1,2010-08-23 21:41:00,2010-08-23 21:41:00
136,en1,2010-09-24 03:39:00,2010-09-24 03:39:00
137,en1,2010-10-15 04:03:00,2010-10-15 04:03:00
138,en1,2010-10-22 06:36:00,2010-10-22 09:35:00
139,en1,2010-10-26 13:49:00,2010-10-26 16:42:00
140,en1,2010-11-04 20:40:00,2010-11-04 21:31:00
141,en1,2010-11-22 07:02:00,2010-11-22 08:42:00
142,en1,2010-11-25 03:16:00,2010-11-25 04:56:00
143,en1,2010-12-01 20:51:00,2010-12-02 00:12:00
144,en1,2010-12-17 06:12:00,2010-12-17 06:12:00
145,en1,2011-01-14 01:58:00,2011-01-14 01:58:00
146,en1,2011-02-18 05:10:00,2011-02-18 05:10:00
147,en1,2011-03-17 00:51:00,2011-03-17 02:31:00
148,en1,2011-04-08 09:43:00,2011-04-08 09:43:00
149,en1,2011-04-16 14:17:00,2011-04-16 14:17:00
150,en1,2011-05-05 01:02:00,2011-05-05 01:03:00
151,en1,2011-06-01 02:41:00,2011-06-01 03:32:00
152,en1,2011-06-16 04:00:00,2011-06-16 05:40:00
153,en1,2011-07-13 01:08:00,2011-07-13 04:48:00
154,en1,2011-07-14 03:24:00,2011-07-14 07:04:00
155,en1,2011-08-11 00:55:00,2011-08-11 02:35:00
156,en1,2011-08-17 22:46:00,2011-08-18 00:26:00
157,en1,2011-08-23 00:38:00,2011-08-23 00:38:00
158,en1,2011-09-09 02:31:00,2011-09-09 04:11:00
159,en1,2011-09-23 01:19:00,2011-09-23 02:59:00
160,en1,2011-09-30 03:37:00,2011-09-30 04:27:00
161,en1,2011-10-14 03:11:00,2011-10-14 03:11:00
162,en1,2011-10-28 02:46:00,2011-10-28 02:46:00
163,en1,2011-11-06 14:58:00,2011-11-06 18:19:00
164,en1,2011-11-11 03:08:00,2011-11-11 03:58:00
165,en1,2011-11-17 02:44:00,2011-11-17 02:45:00
166,en1,2011-11-25 02:45:00,2011-11-25 02:45:00
167,en1,2011-12-08 02:58:00,2011-12-08 02:58:00
168,en1,2011-12-23 03:24:00,2011-12-23 05:25:00
169,en1,2011-12-25 02:20:00,2011-12-25 02:20:00
170,en1,2012-01-13 03:43:00,2012-01-13 03:43:00
171,en1,2012-02-01 01:53:00,2012-02-01 01:53:00
172,en1,2012-02-24 03:17:00,2012-02-24 05:17:00
173,en1,2012-03-01 02:29:00,2012-03-01 04:49:00
174,en1,2012-03-06 02:47:00,2012-03-06 04:47:00
175,en1,2012-03-15 03:11:00,2012-03-15 03:12:00
176,en1,2012-04-05 04:18:00,2012-04-05 04:18:00
0,top,1992-08-17 18:22:00,1992-08-17 18:22:00
1,top,1992-08-20 17:23:00,1992-08-20 17:23:00
2,top,1992-08-27 18:13:00,1992-08-27 18:13:00
3,top,1992-09-02 18:22:00,1992-09-02 18:22:00
4,top,1992-09-08 18:49:00,1992-09-08 18:49:00
5,top,1992-09-14 17:15:00,1992-09-14 17:15:00
6,top,1992-09-21 19:44:00,1992-09-21 19:44:00
7,top,1992-10-12 23:14:00,1992-10-12 23:14:00
8,top,1992-12-21 09:03:00,1992-12-21 09:03:00
9,top,1993-03-30 12:44:00,1993-03-30 12:44:00
10,top,1993-08-06 10:02:00,1993-08-06 10:02:00
11,top,1994-01-31 20:51:00,1994-01-31 20:51:00
12,top,1994-05-20 23:52:00,1994-05-20 23:52:00
13,top,1994-10-06 18:13:00,1994-10-06 18:13:00
14,top,1995-05-22 22:03:00,1995-05-22 22:03:00
15,top,1996-01-15 19:11:00,1996-01-15 19:11:00
16,top,1998-12-01 20:37:00,1998-12-01 20:37:00
17,top,1999-06-08 07:11:00,1999-06-08 07:11:00
18,top,1999-10-16 22:30:00,1999-10-16 22:30:00
19,top,2000-01-12 10:39:00,2000-01-12 10:39:00
20,top,2000-04-20 15:56:00,2000-04-20 15:56:00
21,top,2000-07-08 23:09:00,2000-07-08 23:09:00
22,top,2000-09-26 06:00:00,2000-09-26 06:00:00
23,top,2001-01-13 07:44:00,2001-01-13 07:44:00
24,top,2001-05-02 10:38:00,2001-05-02 10:38:00
25,top,2001-09-18 05:07:00,2001-09-18 05:07:00
26,top,2001-11-26 14:57:00,2001-11-26 14:57:00
27,top,2002-02-04 00:43:00,2002-02-04 00:43:00
28,top,2002-05-04 06:55:00,2002-05-04 06:55:00
29,top,2002-08-15 19:13:00,2002-08-15 19:13:00
30,top,2002-08-19 18:50:00,2002-08-19 18:50:00
31,top,2002-08-23 18:23:00,2002-08-23 18:23:00
32,top,2002-09-10 21:10:00,2002-09-10 21:10:00
33,top,2002-09-13 20:19:00,2002-09-13 20:19:00
34,top,2002-09-16 19:27:00,2002-09-16 19:27:00
35,top,2002-12-18 08:06:00,2002-12-18 08:06:00
36,top,2003-04-26 05:47:00,2003-04-26 05:47:00
37,top,2004-08-03 18:30:00,2004-08-03 18:30:00
38,top,2004-09-23 18:46:00,2004-09-23 18:46:00
39,top,2004-09-23 19:41:00,2004-09-23 19:41:00
40,top,2004-09-23 20:33:00,2004-09-23 20:33:00
41,top,2004-11-17 18:44:00,2004-11-17 18:44:00
42,top,2004-11-17 20:52:00,2004-11-17 20:52:00
0,sp4,1998-03-25 13:59:00,1998-03-25 14:53:00
1,sp4,1998-03-30 08:36:00,1998-03-30 09:32:00
2,sp4,1998-03-31 20:40:00,1998-03-31 21:37:00
3,sp4,1998-04-15 23:53:00,1998-04-16 00:44:00
4,sp4,1998-05-27 00:05:00,1998-05-27 00:56:00
5,sp4,1998-09-01 00:41:00,1998-09-01 01:32:00
6,sp4,1998-10-28 00:42:00,1998-10-28 01:36:00
7,sp4,1998-12-14 00:41:00,1998-12-14 01:32:00
8,sp4,1999-02-05 00:21:00,1999-02-05 01:12:00
9,sp4,1999-04-08 00:29:00,1999-04-08 01:20:00
10,sp4,1999-05-31 00:09:00,1999-05-31 01:00:00
11,sp4,1999-07-17 00:04:00,1999-07-17 00:55:00
12,sp4,1999-08-12 00:04:00,1999-08-12 00:55:00
13,sp4,1999-08-19 01:10:00,1999-08-19 02:01:00
14,sp4,1999-09-07 13:07:00,1999-09-07 13:31:00
15,sp4,1999-09-09 12:28:00,1999-09-09 12:52:00
16,sp4,1999-10-18 23:56:00,1999-10-19 00:47:00
17,sp4,1999-11-21 01:03:00,1999-11-21 01:54:00
18,sp4,1999-12-22 01:07:00,1999-12-22 01:58:00
19,sp4,2000-01-11 01:23:00,2000-01-11 02:14:00
20,sp4,2000-02-15 23:50:00,2000-02-16 00:41:00
21,sp4,2000-03-22 23:58:00,2000-03-23 00:49:00
22,sp4,2000-04-14 01:16:00,2000-04-14 02:07:00
23,sp4,2000-05-23 00:23:00,2000-05-23 01:16:00
24,sp4,2000-06-06 00:57:00,2000-06-06 01:47:00
25,sp4,2000-07-04 00:17:00,2000-07-04 01:08:00
26,sp4,2000-08-04 00:21:00,2000-08-04 01:12:00
27,sp4,2000-09-14 00:33:00,2000-09-14 01:24:00
28,sp4,2000-10-18 01:20:00,2000-10-18 02:11:00
29,sp4,2000-11-27 23:50:00,2000-11-28 00:41:00
30,sp4,2001-01-12 00:24:00,2001-01-12 01:15:00
31,sp4,2001-01-24 12:56:00,2001-01-24 13:21:00
32,sp4,2001-02-06 00:44:00,2001-02-06 01:35:00
33,sp4,2001-04-04 00:48:00,2001-04-04 01:39:00
34,sp4,2001-05-18 00:01:00,2001-05-18 00:52:00
35,sp4,2001-07-08 23:59:00,2001-07-09 00:52:00
36,sp4,2001-08-28 00:40:00,2001-08-28 01:31:00
37,sp4,2001-10-05 00:09:00,2001-10-05 01:00:00
38,sp4,2001-10-15 23:57:00,2001-10-16 00:48:00
39,sp4,2001-10-30 00:28:00,2001-10-30 01:19:00
40,sp4,2001-11-19 00:43:00,2001-11-19 01:35:00
41,sp4,2001-12-27 23:52:00,2001-12-28 00:43:00
42,sp4,2002-02-02 00:00:00,2002-02-02 00:51:00
43,sp4,2002-03-05 01:45:00,2002-03-05 02:36:00
44,sp4,2002-03-11 12:48:00,2002-03-11 13:18:00
45,sp4,2002-03-31 00:03:00,2002-03-31 00:54:00
46,sp4,2002-05-10 00:35:00,2002-05-10 01:26:00
47,sp4,2002-07-12 00:23:00,2002-07-12 01:14:00
48,sp4,2002-08-30 01:22:00,2002-08-30 02:13:00
49,sp4,2002-10-12 00:52:00,2002-10-12 01:46:00
50,sp4,2002-11-25 23:48:00,2002-11-26 00:39:00
51,sp4,2002-12-30 00:35:00,2002-12-30 01:26:00
52,sp4,2003-01-30 13:39:00,2003-01-30 14:09:00
53,sp4,2003-02-25 00:39:00,2003-02-25 01:30:00
54,sp4,2003-04-19 00:20:00,2003-04-19 01:11:00
55,sp4,2003-06-02 01:15:00,2003-06-02 02:06:00
56,sp4,2003-08-09 01:05:00,2003-08-09 01:59:00
57,sp4,2003-10-26 01:08:00,2003-10-26 01:59:00
58,sp4,2003-12-09 00:21:00,2003-12-09 01:12:00
59,sp4,2004-04-11 00:36:00,2004-04-11 01:27:00
60,sp4,2004-05-14 13:00:00,2004-05-14 13:32:00
61,sp4,2004-05-24 23:50:00,2004-05-25 00:41:00
62,sp4,2004-07-14 00:29:00,2004-07-14 01:20:00
63,sp4,2004-10-10 00:38:00,2004-10-10 01:29:00
64,sp4,2004-12-01 00:36:00,2004-12-01 01:29:00
65,sp4,2005-04-05 00:34:00,2005-04-05 01:25:00
66,sp4,2005-06-02 23:56:00,2005-06-03 00:50:00
67,sp4,2005-09-08 00:33:00,2005-09-08 01:24:00
68,sp4,2006-01-22 23:57:00,2006-01-23 00:48:00
69,sp4,2006-01-30 12:22:00,2006-01-30 12:51:00
70,sp4,2006-02-28 13:07:00,2006-02-28 13:32:00
71,sp4,2006-03-23 01:03:00,2006-03-23 01:54:00
72,sp4,2006-05-20 00:48:00,2006-05-20 01:39:00
73,sp4,2006-08-08 23:50:00,2006-08-09 00:41:00
74,sp4,2006-10-04 23:52:00,2006-10-05 00:46:00
75,sp4,2006-10-09 00:17:00,2006-10-09 01:09:00
76,sp4,2006-11-15 00:06:00,2006-11-15 00:57:00
77,sp4,2007-01-11 00:10:00,2007-01-11 01:01:00
78,sp4,2007-03-14 23:58:00,2007-03-15 00:49:00
79,sp4,2007-06-10 00:22:00,2007-06-10 01:15:00
80,sp4,2007-12-24 00:31:00,2007-12-24 01:25:00
81,sp4,2008-01-29 00:41:00,2008-01-29 01:32:00
82,sp4,2008-02-07 12:26:00,2008-02-07 12:57:00
83,sp4,2008-04-02 23:49:00,2008-04-03 00:40:00
84,sp4,2008-06-25 23:33:00,2008-06-26 00:24:00
85,sp4,2008-08-23 00:58:00,2008-08-23 01:49:00
86,sp4,2008-08-29 00:43:00,2008-08-29 01:34:00
87,sp4,2008-11-26 13:28:00,2008-11-26 14:00:00
88,sp4,2009-07-14 23:45:00,2009-07-15 00:36:00
89,sp4,2009-10-15 23:55:00,2009-10-16 00:46:00
90,sp4,2009-12-08 00:50:00,2009-12-08 01:42:00
91,sp4,2009-12-08 12:34:00,2009-12-08 13:26:00
92,sp4,2009-12-09 00:29:00,2009-12-09 01:20:00
93,sp4,2010-01-30 23:33:00,2010-01-31 00:25:00
94,sp4,2010-01-31 23:08:00,2010-02-01 00:00:00
95,sp4,2010-02-02 17:25:00,2010-02-02 18:16:00
96,sp4,2010-03-05 02:20:00,2010-03-05 03:11:00
97,sp4,2010-03-12 01:44:00,2010-03-12 02:36:00
98,sp4,2010-03-15 02:32:00,2010-03-15 03:23:00
99,sp4,2010-04-02 01:35:00,2010-04-02 02:26:00
100,sp4,2010-06-12 00:33:00,2010-06-12 01:24:00
101,sp4,2010-11-15 00:28:00,2010-11-15 01:19:00
102,sp4,2010-12-12 00:08:00,2010-12-12 00:59:00
103,sp4,2011-02-02 00:05:00,2011-02-02 00:56:00
104,sp4,2011-04-24 00:45:00,2011-04-24 01:36:00
105,sp4,2011-07-14 23:23:00,2011-07-15 00:14:00
106,sp4,2011-10-25 23:37:00,2011-10-26 00:28:00
107,sp4,2011-12-16 23:34:00,2011-12-17 00:25:00
108,sp4,2012-03-29 13:02:00,2012-03-29 13:56:00
109,sp4,2012-04-29 09:58:00,2012-04-29 10:49:00
110,sp4,2012-06-20 23:26:00,2012-06-21 00:17:00
111,sp4,2012-09-23 22:52:00,2012-09-23 23:43:00
112,sp4,2012-11-23 23:14:00,2012-11-24 00:05:00
113,sp4,2012-12-18 18:05:00,2012-12-18 18:56:00
114,sp4,2012-12-21 22:33:00,2012-12-21 23:24:00
115,sp4,2013-01-03 08:10:00,2013-01-03 09:01:00
116,sp4,2013-01-17 00:12:00,2013-01-17 01:04:00
117,sp4,2013-01-29 21:09:00,2013-01-29 22:04:00
118,sp4,2013-02-03 23:20:00,2013-02-04 00:11:00
119,sp4,2013-04-11 22:34:00,2013-04-11 23:25:00
120,sp4,2013-06-04 22:50:00,2013-06-04 23:41:00
121,sp4,2013-06-24 06:10:00,2013-06-24 07:17:00
0,s3a,2016-02-22 09:30:00,2016-02-22 12:11:00
1,s3a,2016-02-23 10:45:00,2016-02-23 13:24:00
2,s3a,2016-02-24 19:29:00,2016-02-24 19:32:00
3,s3a,2016-02-26 09:27:00,2016-02-26 12:08:00
4,s3a,2016-03-02 12:59:00,2016-03-02 15:33:00
5,s3a,2016-03-07 12:21:00,2016-03-07 12:22:00
6,s3a,2016-03-21 11:16:00,2016-03-21 11:20:00
7,s3a,2016-03-23 13:27:00,2016-03-23 13:27:00
8,s3a,2016-04-13 09:11:00,2016-04-13 10:52:00
9,s3a,2016-04-19 12:03:00,2016-04-19 12:11:00
10,s3a,2016-06-02 11:14:00,2016-06-02 11:14:00
11,s3a,2016-07-21 12:45:00,2016-07-21 12:45:00
12,s3a,2016-08-31 07:25:00,2016-08-31 07:34:00
13,s3a,2016-09-22 07:59:00,2016-09-22 07:59:00
14,s3a,2016-11-01 12:05:00,2016-11-01 12:05:00
15,s3a,2016-12-01 08:00:00,2016-12-01 08:00:00
16,s3a,2016-12-14 08:46:00,2016-12-14 08:58:00
17,s3a,2017-02-23 09:40:00,2017-02-23 09:40:00
18,s3a,2017-03-15 07:42:00,2017-03-15 07:55:00
19,s3a,2017-04-27 10:58:00,2017-04-27 10:58:00
20,s3a,2017-05-23 14:35:00,2017-05-23 14:35:00
21,s3a,2017-07-12 09:45:00,2017-07-12 09:45:00
22,s3a,2017-09-06 10:26:00,2017-09-06 10:40:00
23,s3a,2017-09-27 08:08:00,2017-09-27 08:08:00
24,s3a,2017-11-29 09:20:00,2017-11-29 09:20:00
25,s3a,2017-12-13 08:09:00,2017-12-13 08:20:00
26,s3a,2018-02-28 10:05:00,2018-02-28 10:05:00
27,s3a,2018-03-14 08:46:00,2018-03-14 08:59:00
28,s3a,2018-05-24 08:12:00,2018-05-24 08:12:00
29,s3a,2018-08-01 08:15:00,2018-08-01 08:15:00
30,s3a,2018-08-29 07:48:00,2018-08-29 08:01:00
31,s3a,2018-11-28 13:45:00,2018-11-28 13:45:00
32,s3a,2018-12-19 09:31:00,2018-12-19 09:43:00
33,s3a,2019-02-27 09:15:00,2019-02-27 09:15:00
34,s3a,2019-03-13 08:08:00,2019-03-13 08:22:00
35,s3a,2019-06-13 08:23:00,2019-06-13 08:23:00
36,s3a,2019-08-28 12:12:00,2019-08-28 12:25:00
37,s3a,2019-11-27 08:05:00,2019-11-27 08:05:00
38,s3a,2019-12-11 11:57:00,2019-12-11 12:11:00
39,s3a,2020-03-11 09:11:00,2020-03-11 09:26:00
40,s3a,2020-06-17 10:13:00,2020-06-17 10:13:00
41,s3a,2020-09-02 08:34:00,2020-09-02 08:47:00
42,s3a,2020-12-02 07:47:00,2020-12-02 07:47:00
43,s3a,2020-12-16 11:39:00,2020-12-16 11:55:00
44,s3a,2021-01-27 08:23:00,2021-01-27 08:23:00
45,s3a,2021-03-17 07:11:00,2021-03-17 07:26:00
46,s3a,2021-06-01 09:30:00,2021-06-01 09:30:00
47,s3a,2021-08-10 09:15:00,2021-08-10 09:15:00
48,s3a,2021-09-08 06:33:00,2021-09-08 06:48:00
49,s3a,2021-11-04 07:10:00,2021-11-04 07:10:00
50,s3a,2021-11-30 02:42:00,2021-11-30 02:42:00
51,s3a,2021-12-03 02:55:00,2021-12-03 02:56:00
52,s3a,2021-12-07 03:00:00,2021-12-07 03:01:00
53,s3a,2021-12-15 07:39:00,2021-12-15 07:53:00
54,s3a,2022-01-07 00:09:00,2022-01-07 02:12:00
55,s3a,2022-01-19 07:30:00,2022-01-19 07:30:00
56,s3a,2022-02-23 07:38:00,2022-02-23 07:38:00
57,s3a,2022-03-13 14:37:00,2022-03-13 14:51:00
58,s3a,2022-04-13 07:56:00,2022-04-13 07:56:00
59,s3a,2022-05-18 06:08:00,2022-05-18 06:08:00
60,s3a,2022-06-14 09:30:00,2022-06-14 09:30:00
61,s3a,2022-07-21 06:41:00,2022-07-21 06:41:00
62,s3a,2022-08-25 08:13:00,2022-08-25 08:28:00
63,s3a,2022-10-06 07:00:00,2022-10-06 07:00:00
64,s3a,2022-10-31 11:20:00,2022-10-31 11:20:00
65,s3a,2022-11-22 08:25:00,2022-11-22 08:25:00
66,s3a,2022-12-08 11:20:00,2022-12-08 11:35:00
67,s3a,2022-12-28 12:55:00,2022-12-28 12:55:00
68,s3a,2023-01-18 07:10:00,2023-01-18 07:10:00
69,s3a,2023-02-16 07:50:00,2023-02-16 07:50:00
70,s3a,2023-03-01 08:42:00,2023-03-01 08:57:00
71,s3a,2023-03-14 09:55:00,2023-03-14 09:56:00
72,s3a,2023-04-05 07:00:00,2023-04-05 07:00:00
73,s3a,2023-04-26 08:00:00,2023-04-26 08:00:00
74,s3a,2023-05-16 07:35:00,2023-05-16 07:35:00
75,s3a,2023-06-14 06:45:00,2023-06-14 06:45:00
76,s3a,2023-07-05 07:42:00,2023-07-05 07:42:00
77,s3a,2023-07-27 08:10:00,2023-07-27 08:10:00
78,s3a,2023-07-30 14:29:00,2023-07-30 17:00:00
79,s3a,2023-08-17 07:14:00,2023-08-17 07:31:00
80,s3a,2023-08-31 08:05:00,2023-08-31 08:05:00
81,s3a,2023-09-27 08:10:00,2023-09-27 08:10:00
82,s3a,2023-10-16 08:20:00,2023-10-16 08:20:00
83,s3a,2023-10-31 10:15:00,2023-10-31 10:15:00
84,s3a,2023-11-09 08:02:00,2023-11-09 08:03:00
85,s3a,2023-11-28 11:15:00,2023-11-28 11:31:00
86,s3a,2023-11-30 19:00:00,2023-11-30 19:00:00
87,s3a,2023-12-10 09:35:00,2023-12-10 09:35:00
88,s3a,2024-01-04 07:10:00,2024-01-04 07:10:00
89,s3a,2024-01-24 08:25:00,2024-01-24 08:25:00
90,s3a,2024-02-14 07:40:00,2024-02-14 07:40:00
91,s3a,2024-02-25 09:40:00,2024-02-25 09:40:00
92,s3a,2024-03-07 11:18:00,2024-03-07 11:36:00
93,s3a,2024-03-21 08:40:00,2024-03-21 08:40:00
94,s3a,2024-04-03 11:30:00,2024-04-03 11:30:00
95,s3a,2024-04-24 08:59:00,2024-04-24 09:00:00
96,s3a,2024-05-08 07:55:00,2024-05-08 07:55:00
97,s3a,2024-05-16 07:50:00,2024-05-16 07:50:00
98,s3a,2024-05-26 08:30:00,2024-05-26 08:30:00
99,s3a,2024-06-20 07:33:00,2024-06-20 07:33:00
100,s3a,2024-07-10 07:20:00,2024-07-10 07:20:00
101,s3a,2024-07-25 07:35:00,2024-07-25 07:35:00
102,s3a,2024-08-07 06:52:00,2024-08-07 06:52:00
103,s3a,2024-08-14 14:19:00,2024-08-14 16:00:00
104,s3a,2024-08-22 08:47:00,2024-08-22 08:47:00
0,swo,2023-01-11 02:38:00,2023-01-11 02:41:00
1,swo,2023-01-11 05:11:00,2023-01-11 05:12:00
2,swo,2023-01-13 01:39:00,2023-01-13 01:40:00
3,swo,2023-01-13 04:13:00,2023-01-13 04:13:00
4,swo,2023-01-15 02:54:00,2023-01-15 02:54:00
5,swo,2023-01-15 06:18:00,2023-01-15 06:18:00
6,swo,2023-01-22 21:09:00,2023-01-22 21:09:00
7,swo,2023-01-23 00:33:00,2023-01-23 00:33:00
8,swo,2023-01-27 04:59:00,2023-01-27 04:59:00
9,swo,2023-01-31 00:52:00,2023-01-31 00:52:00
10,swo,2023-01-31 06:49:00,2023-01-31 06:49:00
11,swo,2023-02-08 00:36:00,2023-02-08 00:36:00
12,swo,2023-02-08 07:25:00,2023-02-08 07:25:00
13,swo,2023-02-10 00:16:00,2023-02-10 00:16:00
14,swo,2023-02-10 07:05:00,2023-02-10 07:05:00
15,swo,2023-02-14 01:26:00,2023-02-14 01:26:00
16,swo,2023-02-14 06:33:00,2023-02-14 06:33:00
17,swo,2023-02-17 05:59:00,2023-02-17 05:59:00
18,swo,2023-03-10 06:57:00,2023-03-10 06:57:00
19,swo,2023-03-24 06:13:00,2023-03-24 06:13:00
20,swo,2023-03-30 08:09:00,2023-03-30 08:09:00
21,swo,2023-03-30 18:22:00,2023-03-30 18:22:00
22,swo,2023-04-05 19:39:00,2023-04-05 19:39:00
23,swo,2023-04-21 20:18:00,2023-04-21 20:18:00
24,swo,2023-05-05 19:41:00,2023-05-05 19:41:00
25,swo,2023-05-13 20:50:00,2023-05-13 20:50:00
26,swo,2023-05-14 00:15:00,2023-05-14 00:15:00
27,swo,2023-05-17 21:14:00,2023-05-17 21:14:00
28,swo,2023-06-02 03:04:00,2023-06-02 03:04:00
29,swo,2023-06-16 19:43:00,2023-06-16 19:43:00
30,swo,2023-06-30 18:55:00,2023-06-30 18:56:00
31,swo,2023-07-11 02:53:00,2023-07-11 03:06:00
32,swo,2023-07-11 05:26:00,2023-07-11 05:40:00
33,swo,2023-07-13 02:28:00,2023-07-13 02:37:00
34,swo,2023-07-13 05:02:00,2023-07-13 05:11:00
35,swo,2023-07-17 18:28:00,2023-07-17 18:30:00
36,swo,2023-07-17 21:03:00,2023-07-17 21:04:00
37,swo,2023-07-21 03:17:00,2023-07-21 03:18:00
38,swo,2023-08-25 21:02:00,2023-08-25 21:02:00
39,swo,2023-10-06 17:32:00,2023-10-06 17:32:00
40,swo,2023-10-27 14:25:00,2023-10-27 14:25:00
41,swo,2023-11-17 11:13:00,2023-11-17 11:13:00
42,swo,2023-12-15 21:47:00,2023-12-15 21:47:00
43,swo,2023-12-23 03:07:00,2023-12-23 03:07:00
44,swo,2023-12-23 09:58:00,2023-12-23 09:59:00
45,swo,2024-01-12 21:19:00,2024-01-12 21:19:00
46,swo,2024-02-09 18:09:00,2024-02-09 18:09:00
47,swo,2024-03-15 21:29:00,2024-03-15 21:29:00
48,swo,2024-04-05 17:59:00,2024-04-05 17:59:00
49,swo,2024-05-03 21:33:00,2024-05-03 21:33:00
50,swo,2024-05-24 19:45:00,2024-05-24 19:45:00
51,swo,2024-06-07 08:40:00,2024-06-07 08:41:00
52,swo,2024-06-07 18:06:00,2024-06-07 18:06:00
53,swo,2024-07-05 19:21:00,2024-07-05 19:21:00
54,swo,2024-08-02 21:04:00,2024-08-02 21:04:00
55,swo,2024-08-23 21:08:00,2024-08-23 21:09:00
0,ja1,2001-12-11 13:08:00,2001-12-11 15:57:00
1,ja1,2001-12-13 21:17:00,2001-12-14 00:06:00
2,ja1,2001-12-17 07:35:00,2001-12-17 10:31:00
3,ja1,2001-12-20 06:45:00,2001-12-20 09:39:00
4,ja1,2002-01-10 01:49:00,2002-01-10 04:40:00
5,ja1,2002-01-13 01:03:00,2002-01-13 03:53:00
6,ja1,2002-02-04 00:45:00,2002-02-04 03:34:00
7,ja1,2002-03-05 18:40:00,2002-03-05 19:37:00
8,ja1,2002-05-14 04:30:00,2002-05-14 05:27:00
9,ja1,2002-07-02 18:23:00,2002-07-02 19:20:00
10,ja1,2002-09-20 02:11:00,2002-09-20 03:08:00
11,ja1,2002-10-29 18:05:00,2002-10-29 19:02:00
12,ja1,2002-12-18 07:58:00,2002-12-18 08:55:00
13,ja1,2003-02-15 19:49:00,2003-02-15 20:46:00
14,ja1,2003-04-16 07:40:00,2003-04-16 08:37:00
15,ja1,2003-04-26 05:39:00,2003-04-26 06:36:00
16,ja1,2003-06-24 17:30:00,2003-06-24 18:27:00
17,ja1,2003-10-01 21:15:00,2003-10-01 22:12:00
18,ja1,2003-12-04 08:40:00,2003-12-04 09:37:00
19,ja1,2004-01-09 01:00:00,2004-01-09 03:50:00
20,ja1,2004-02-24 15:40:00,2004-02-24 18:30:00
21,ja1,2004-03-18 10:50:00,2004-03-18 13:39:00
22,ja1,2004-06-15 16:37:00,2004-06-15 19:26:00
23,ja1,2004-08-04 06:29:00,2004-08-04 09:19:00
24,ja1,2004-10-12 16:19:00,2004-10-12 19:08:00
25,ja1,2005-01-19 20:04:00,2005-01-19 22:54:00
26,ja1,2005-05-18 19:47:00,2005-05-18 22:36:00
27,ja1,2005-10-04 15:26:00,2005-10-04 18:16:00
28,ja1,2005-11-23 05:19:00,2005-11-23 08:08:00
29,ja1,2005-12-22 23:14:00,2005-12-23 02:04:00
30,ja1,2006-01-31 15:08:00,2006-01-31 17:58:00
31,ja1,2006-02-20 11:06:00,2006-02-20 13:55:00
32,ja1,2006-04-20 22:57:00,2006-04-21 01:46:00
33,ja1,2006-06-29 08:46:00,2006-06-29 11:36:00
34,ja1,2006-09-26 14:33:00,2006-09-26 17:23:00
35,ja1,2006-12-14 22:21:00,2006-12-15 01:10:00
36,ja1,2007-01-23 14:16:00,2007-01-23 17:05:00
37,ja1,2007-02-22 08:11:00,2007-02-22 08:12:00
38,ja1,2007-05-02 18:01:00,2007-05-02 20:50:00
39,ja1,2007-08-19 19:45:00,2007-08-19 22:34:00
40,ja1,2007-11-26 23:30:00,2007-11-27 02:19:00
41,ja1,2007-12-26 17:26:00,2007-12-26 20:15:00
42,ja1,2008-04-13 19:09:00,2008-04-13 21:59:00
43,ja1,2008-04-23 17:08:00,2008-04-23 19:57:00
44,ja1,2008-04-28 23:32:00,2008-04-29 02:21:00
45,ja1,2008-07-31 20:53:00,2008-07-31 23:43:00
46,ja1,2008-10-29 02:40:00,2008-10-29 05:29:00
47,ja1,2008-12-17 16:33:00,2008-12-17 19:22:00
48,ja1,2009-01-26 21:11:00,2009-01-27 00:06:00
49,ja1,2009-01-27 21:30:00,2009-01-28 00:26:00
50,ja1,2009-02-04 10:39:00,2009-02-04 13:34:00
51,ja1,2009-02-06 03:49:00,2009-02-06 06:42:00
52,ja1,2009-02-14 18:02:00,2009-02-14 20:46:00
53,ja1,2009-02-19 21:45:00,2009-02-19 21:46:00
54,ja1,2009-04-26 18:20:00,2009-04-26 18:21:00
55,ja1,2009-06-25 07:20:00,2009-06-25 07:21:00
56,ja1,2009-08-11 17:24:00,2009-08-11 17:25:00
57,ja1,2009-12-02 01:59:00,2009-12-02 01:59:00
58,ja1,2010-03-21 22:17:00,2010-03-21 22:18:00
59,ja1,2010-06-24 01:38:00,2010-06-24 01:39:00
60,ja1,2010-07-20 18:59:00,2010-07-20 21:56:00
61,ja1,2010-07-21 18:24:00,2010-07-21 21:21:00
62,ja1,2010-07-22 19:42:00,2010-07-22 22:39:00
63,ja1,2010-07-25 17:58:00,2010-07-25 20:55:00
64,ja1,2010-07-26 19:13:00,2010-07-26 22:03:00
65,ja1,2010-07-27 18:41:00,2010-07-27 21:39:00
66,ja1,2010-07-28 18:06:00,2010-07-28 21:04:00
67,ja1,2010-08-02 21:47:00,2010-08-02 21:48:00
68,ja1,2010-08-03 20:17:00,2010-08-03 20:18:00
69,ja1,2010-08-04 20:39:00,2010-08-04 20:40:00
70,ja1,2010-08-05 21:01:00,2010-08-05 21:02:00
71,ja1,2010-08-06 21:23:00,2010-08-06 21:24:00
72,ja1,2010-08-09 20:37:00,2010-08-09 20:37:00
73,ja1,2010-10-12 05:13:00,2010-10-12 05:14:00
74,ja1,2010-12-03 04:25:00,2010-12-03 04:26:00
75,ja1,2010-12-14 05:24:00,2010-12-14 05:25:00
76,ja1,2011-02-24 01:18:00,2011-02-24 01:20:00
77,ja1,2011-02-28 02:45:00,2011-02-28 02:46:00
78,ja1,2011-03-27 19:04:00,2011-03-27 19:04:00
79,ja1,2011-04-11 00:00:00,2011-04-11 00:08:00
80,ja1,2011-04-14 00:10:00,2011-04-14 00:15:00
81,ja1,2011-05-05 00:15:00,2011-05-05 00:16:00
82,ja1,2011-07-08 03:27:00,2011-07-08 03:28:00
83,ja1,2011-09-04 23:29:00,2011-09-05 02:24:00
84,ja1,2011-09-05 22:52:00,2011-09-06 01:52:00
85,ja1,2011-09-07 22:42:00,2011-09-08 01:36:00
86,ja1,2011-09-11 22:19:00,2011-09-11 22:20:00
87,ja1,2011-09-19 21:29:00,2011-09-19 21:30:00
88,ja1,2011-09-28 22:45:00,2011-09-29 01:40:00
89,ja1,2011-09-29 23:04:00,2011-09-30 02:04:00
90,ja1,2011-10-02 22:17:00,2011-10-03 01:16:00
91,ja1,2011-10-03 23:35:00,2011-10-04 02:34:00
92,ja1,2011-10-04 21:07:00,2011-10-05 00:07:00
93,ja1,2011-10-05 21:29:00,2011-10-06 00:28:00
94,ja1,2011-10-06 21:51:00,2011-10-07 00:50:00
95,ja1,2011-10-09 21:03:00,2011-10-10 00:02:00
96,ja1,2011-10-10 22:21:00,2011-10-11 01:20:00
97,ja1,2011-10-11 22:42:00,2011-10-12 01:42:00
98,ja1,2011-10-12 23:05:00,2011-10-13 02:02:00
99,ja1,2011-10-13 21:35:00,2011-10-14 00:30:00
100,ja1,2011-10-16 21:28:00,2011-10-17 02:01:00
101,ja1,2011-10-17 21:53:00,2011-10-18 00:05:00
102,ja1,2011-10-18 23:13:00,2011-10-18 23:14:00
103,ja1,2011-11-20 22:20:00,2011-11-20 22:21:00
104,ja1,2012-01-18 23:41:00,2012-01-18 23:42:00
105,ja1,2012-04-25 19:33:00,2012-04-25 22:32:00
106,ja1,2012-04-26 19:54:00,2012-04-26 22:53:00
107,ja1,2012-04-29 19:00:00,2012-04-29 21:59:00
108,ja1,2012-05-01 19:41:00,2012-05-01 19:47:00
109,ja1,2012-05-02 03:10:00,2012-05-02 03:16:00
110,ja1,2012-05-02 20:01:00,2012-05-02 20:05:00
111,ja1,2012-06-05 21:27:00,2012-06-05 21:27:00
112,ja1,2012-07-09 00:19:00,2012-07-09 00:20:00
113,ja1,2012-08-10 01:36:00,2012-08-10 01:37:00
114,ja1,2012-10-02 23:57:00,2012-10-02 23:58:00
115,ja1,2012-11-26 00:14:00,2012-11-26 00:15:00
116,ja1,2013-02-13 21:53:00,2013-02-13 21:53:00
117,ja1,2013-04-03 22:34:00,2013-04-03 22:35:00
118,ja1,2013-06-13 22:32:00,2013-06-13 22:33:00
0,sp2,1992-09-02 23:48:00,1992-09-03 00:42:00
1,sp2,1992-10-08 23:56:00,1992-10-09 00:50:00
2,sp2,1992-11-19 23:48:00,1992-11-20 00:42:00
3,sp2,1992-12-23 00:54:00,1992-12-23 01:48:00
4,sp2,1993-02-25 00:23:00,1993-02-25 01:17:00
5,sp2,1993-04-08 00:15:00,1993-04-08 01:09:00
6,sp2,1993-06-22 01:13:00,1993-06-22 02:07:00
7,sp2,1993-08-10 00:30:00,1993-08-10 01:24:00
8,sp2,1993-11-02 23:54:00,1993-11-03 00:48:00
9,sp2,1993-12-09 12:40:00,1993-12-09 12:58:00
10,sp2,1993-12-14 00:05:00,1993-12-14 00:59:00
11,sp2,1993-12-22 00:52:00,1993-12-22 01:46:00
12,sp2,1994-01-12 00:48:00,1994-01-12 01:42:00
13,sp2,1994-03-02 23:46:00,1994-03-03 00:40:00
14,sp2,1994-05-05 01:16:00,1994-05-05 02:09:00
15,sp2,1994-06-29 00:17:00,1994-06-29 01:11:00
16,sp2,1994-11-17 00:05:00,1994-11-17 01:01:00
17,sp2,1995-02-08 12:53:00,1995-02-08 13:04:00
18,sp2,1995-02-10 01:10:00,1995-02-10 02:07:00
19,sp2,1995-03-01 23:44:00,1995-03-02 00:41:00
20,sp2,1995-06-02 00:16:00,1995-06-02 01:13:00
21,sp2,1995-08-24 00:21:00,1995-08-24 01:18:00
22,sp2,1995-11-23 01:12:00,1995-11-23 02:09:00
23,sp2,1996-04-30 00:12:00,1996-04-30 01:09:00
24,sp2,1996-09-05 00:50:00,1996-09-05 01:47:00
25,sp2,1996-09-21 00:42:00,1996-09-21 01:39:00
26,sp2,1996-11-08 00:19:00,1996-11-08 01:16:00
27,sp2,1997-04-29 23:53:00,1997-04-30 00:50:00
28,sp2,1997-07-03 00:40:00,1997-07-03 01:31:00
29,sp2,1997-07-23 20:00:00,1997-07-23 20:52:00
30,sp2,1997-07-24 19:30:00,1997-07-24 20:21:00
31,sp2,1997-08-04 14:00:00,1997-08-04 14:51:00
32,sp2,1997-10-31 00:32:00,1997-10-31 01:23:00
33,sp2,1997-12-21 00:51:00,1997-12-21 01:42:00
34,sp2,1998-04-28 12:48:00,1998-04-28 13:15:00
35,sp2,1998-06-28 00:16:00,1998-06-28 01:07:00
36,sp2,1998-08-19 23:57:00,1998-08-20 00:48:00
37,sp2,1998-10-03 00:52:00,1998-10-03 01:43:00
38,sp2,1998-11-21 23:50:00,1998-11-22 00:41:00
39,sp2,1999-01-28 00:16:00,1999-01-28 01:07:00
40,sp2,1999-03-20 00:22:00,1999-03-20 01:13:00
41,sp2,1999-05-11 00:22:00,1999-05-11 01:13:00
42,sp2,1999-06-21 00:42:00,1999-06-21 01:33:00
43,sp2,1999-08-20 01:20:00,1999-08-20 02:11:00
44,sp2,1999-10-16 01:24:00,1999-10-16 02:15:00
45,sp2,1999-11-14 00:25:00,1999-11-14 01:16:00
46,sp2,1999-12-04 00:41:00,1999-12-04 01:32:00
47,sp2,2000-01-25 00:40:00,2000-01-25 01:31:00
48,sp2,2000-03-06 00:51:00,2000-03-06 01:42:00
49,sp2,2000-04-05 01:14:00,2000-04-05 02:05:00
50,sp2,2000-05-10 12:57:00,2000-05-10 13:29:00
51,sp2,2000-05-12 01:02:00,2000-05-12 01:53:00
52,sp2,2000-05-22 01:10:00,2000-05-22 02:01:00
53,sp2,2000-05-30 00:15:00,2000-05-30 01:07:00
54,sp2,2000-07-01 00:00:00,2000-07-01 00:51:00
55,sp2,2000-07-29 01:03:00,2000-07-29 01:54:00
56,sp2,2000-09-08 01:15:00,2000-09-08 02:06:00
57,sp2,2000-10-22 00:29:00,2000-10-22 01:20:00
58,sp2,2000-11-17 00:29:00,2000-11-17 01:20:00
59,sp2,2000-12-18 00:33:00,2000-12-18 01:24:00
60,sp2,2001-01-19 23:58:00,2001-01-20 00:49:00
61,sp2,2001-03-07 00:14:00,2001-03-07 01:05:00
62,sp2,2001-04-04 01:16:00,2001-04-04 02:07:00
63,sp2,2001-05-14 00:06:00,2001-05-14 00:57:00
64,sp2,2001-07-03 00:45:00,2001-07-03 01:36:00
65,sp2,2001-08-31 00:09:00,2001-08-31 01:00:00
66,sp2,2001-10-06 00:17:00,2001-10-06 01:08:00
67,sp2,2001-11-01 00:16:00,2001-11-01 01:08:00
68,sp2,2001-11-22 00:12:00,2001-11-22 01:04:00
69,sp2,2001-12-13 13:09:00,2001-12-13 13:35:00
70,sp2,2001-12-16 02:16:00,2001-12-16 03:07:00
71,sp2,2002-01-04 01:26:00,2002-01-04 02:18:00
72,sp2,2002-01-26 01:03:00,2002-01-26 01:54:00
73,sp2,2002-02-20 01:23:00,2002-02-20 02:14:00
74,sp2,2002-03-21 00:25:00,2002-03-21 01:16:00
75,sp2,2002-04-29 01:15:00,2002-04-29 02:07:00
76,sp2,2002-06-07 00:25:00,2002-06-07 01:16:00
77,sp2,2002-08-02 00:48:00,2002-08-02 01:40:00
78,sp2,2002-09-18 00:45:00,2002-09-18 01:36:00
79,sp2,2002-10-31 23:58:00,2002-11-01 00:49:00
80,sp2,2002-12-11 00:29:00,2002-12-11 01:20:00
81,sp2,2003-01-20 01:00:00,2003-01-20 01:51:00
82,sp2,2003-03-24 00:47:00,2003-03-24 01:38:00
83,sp2,2003-05-07 00:00:00,2003-05-07 00:51:00
84,sp2,2003-05-22 13:12:00,2003-05-22 13:39:00
85,sp2,2003-05-25 00:54:00,2003-05-25 01:46:00
86,sp2,2003-06-21 00:35:00,2003-06-21 01:26:00
87,sp2,2003-08-20 01:22:00,2003-08-20 02:13:00
88,sp2,2003-11-06 01:23:00,2003-11-06 02:14:00
89,sp2,2003-11-22 01:15:00,2003-11-22 02:06:00
90,sp2,2003-12-29 01:03:00,2003-12-29 01:54:00
91,sp2,2004-05-06 01:22:00,2004-05-06 02:13:00
92,sp2,2004-06-26 00:00:00,2004-06-26 00:51:00
93,sp2,2004-08-16 23:59:00,2004-08-17 00:50:00
94,sp2,2004-09-16 00:22:00,2004-09-16 01:14:00
95,sp2,2004-11-18 23:50:00,2004-11-19 00:41:00
96,sp2,2005-02-10 12:52:00,2005-02-10 13:21:00
97,sp2,2005-02-13 00:35:00,2005-02-13 01:27:00
98,sp2,2005-03-08 12:53:00,2005-03-08 13:20:00
99,sp2,2005-03-12 00:16:00,2005-03-12 01:07:00
100,sp2,2005-06-13 00:30:00,2005-06-13 01:21:00
101,sp2,2005-09-02 01:14:00,2005-09-02 02:05:00
102,sp2,2006-01-23 00:25:00,2006-01-23 01:16:00
103,sp2,2006-03-14 01:05:00,2006-03-14 01:56:00
104,sp2,2006-05-13 00:10:00,2006-05-13 01:01:00
105,sp2,2006-07-30 00:10:00,2006-07-30 01:01:00
106,sp2,2006-09-23 00:53:00,2006-09-23 01:44:00
107,sp2,2006-10-18 01:13:00,2006-10-18 02:04:00
108,sp2,2006-12-20 01:00:00,2006-12-20 01:51:00
109,sp2,2007-02-05 00:56:00,2007-02-05 01:47:00
110,sp2,2007-05-27 00:20:00,2007-05-27 01:11:00
111,sp2,2007-09-19 00:06:00,2007-09-19 00:57:00
112,sp2,2008-04-13 00:21:00,2008-04-13 01:12:00
113,sp2,2008-04-28 00:32:00,2008-04-28 01:23:00
114,sp2,2008-10-29 12:46:00,2008-10-29 13:15:00
115,sp2,2008-11-01 12:20:00,2008-11-01 13:11:00
116,sp2,2008-12-11 01:00:00,2008-12-11 01:51:00
117,sp2,2009-03-23 23:36:00,2009-03-24 00:27:00
118,sp2,2009-05-19 11:20:00,2009-05-19 12:11:00
119,sp2,2009-07-16 11:15:00,2009-07-16 12:16:00
120,sp2,2009-07-20 20:42:00,2009-07-20 20:59:00
121,sp2,2009-07-21 20:01:00,2009-07-21 20:18:00
122,sp2,2009-07-22 21:10:00,2009-07-22 21:27:00
123,sp2,2009-07-23 20:34:00,2009-07-23 20:51:00
124,sp2,2009-07-24 21:34:00,2009-07-24 21:52:00
125,sp2,2009-07-25 20:52:00,2009-07-25 21:08:00
126,sp2,2009-07-27 20:57:00,2009-07-27 21:19:00
127,sp2,2009-07-28 20:05:00,2009-07-28 20:28:00
128,sp2,2009-07-29 20:41:00,2009-07-29 21:12:00
0,ja3,2016-01-19 22:18:00,2016-01-20 01:06:00
1,ja3,2016-01-21 22:39:00,2016-01-22 01:28:00
2,ja3,2016-01-28 22:45:00,2016-01-29 02:05:00
3,ja3,2016-01-31 21:38:00,2016-02-01 00:32:00
4,ja3,2016-02-02 03:35:00,2016-02-02 06:30:00
5,ja3,2016-02-03 20:53:00,2016-02-03 23:46:00
6,ja3,2016-02-04 21:04:00,2016-02-04 23:54:00
7,ja3,2016-02-07 22:35:00,2016-02-08 01:31:00
8,ja3,2016-02-09 23:25:00,2016-02-10 02:14:00
9,ja3,2016-02-11 22:19:00,2016-02-12 01:08:00
10,ja3,2016-02-23 02:46:00,2016-02-23 02:46:00
11,ja3,2016-04-04 01:49:00,2016-04-04 01:49:00
12,ja3,2016-05-19 20:02:00,2016-05-19 20:02:00
13,ja3,2016-07-25 02:50:00,2016-07-25 02:50:00
14,ja3,2016-09-14 20:52:00,2016-09-14 20:52:00
15,ja3,2016-12-22 21:13:00,2016-12-22 21:13:00
16,ja3,2017-04-12 23:41:00,2017-04-12 23:42:00
17,ja3,2017-09-06 16:34:00,2017-09-06 16:34:00
18,ja3,2017-12-12 19:36:00,2017-12-12 19:36:00
19,ja3,2018-04-04 00:21:00,2018-04-04 00:21:00
20,ja3,2018-08-19 17:35:00,2018-08-19 17:35:00
21,ja3,2018-12-18 17:59:00,2018-12-18 17:59:00
22,ja3,2019-04-14 20:33:00,2019-04-14 20:33:00
23,ja3,2019-06-16 19:47:00,2019-06-16 19:47:00
24,ja3,2019-08-06 18:50:00,2019-08-06 18:50:00
25,ja3,2019-12-03 15:26:00,2019-12-03 15:26:00
26,ja3,2020-03-12 00:10:00,2020-03-12 00:10:00
27,ja3,2020-07-23 21:24:00,2020-07-23 21:24:00
28,ja3,2020-10-29 20:13:00,2020-10-29 20:13:00
29,ja3,2021-02-04 00:43:00,2021-02-04 00:43:00
30,ja3,2021-05-05 18:07:00,2021-05-05 18:07:00
31,ja3,2021-07-22 15:52:00,2021-07-22 15:52:00
32,ja3,2021-11-07 22:57:00,2021-11-07 22:57:00
33,ja3,2022-02-15 21:21:00,2022-02-15 21:21:00
34,ja3,2022-04-07 19:39:00,2022-04-07 22:35:00
35,ja3,2022-04-11 20:15:00,2022-04-11 23:12:00
36,ja3,2022-04-17 22:06:00,2022-04-18 01:03:00
37,ja3,2022-04-19 21:03:00,2022-04-20 00:01:00
38,ja3,2022-04-21 19:59:00,2022-04-21 22:49:00
39,ja3,2022-04-24 19:13:00,2022-04-24 19:13:00
40,ja3,2022-06-06 08:13:00,2022-06-06 08:13:00
41,ja3,2022-08-21 22:36:00,2022-08-21 22:36:00
42,ja3,2022-10-10 19:45:00,2022-10-10 19:45:00
43,ja3,2022-12-13 18:24:00,2022-12-13 18:24:00
44,ja3,2023-02-02 21:23:00,2023-02-02 21:23:00
45,ja3,2023-02-01 00:27:00,2023-02-01 00:27:00
46,ja3,2023-03-26 19:51:00,2023-03-26 19:51:00
47,ja3,2023-05-24 23:53:00,2023-05-24 23:53:00
48,ja3,2023-07-30 20:13:00,2023-07-30 20:13:00
49,ja3,2023-09-26 21:56:00,2023-09-26 21:57:00
50,ja3,2023-11-16 20:01:00,2023-11-16 20:01:00
51,ja3,2024-01-07 16:32:00,2024-01-07 16:33:00
52,ja3,2024-02-25 16:41:00,2024-02-25 16:42:00
53,ja3,2024-04-12 05:27:00,2024-04-12 05:28:00
54,ja3,2024-05-09 22:40:00,2024-05-09 22:41:00
55,ja3,2024-06-12 16:10:00,2024-06-12 16:11:00
56,ja3,2024-08-22 23:16:00,2024-08-22 23:17:00
0,h2d,2021-06-18 10:19:00,2021-06-18 10:19:00
1,h2d,2021-07-21 04:18:00,2021-07-21 04:18:00
2,h2d,2021-10-26 04:42:00,2021-10-26 04:42:00
3,h2d,2022-01-14 10:00:00,2022-01-14 10:00:00
4,h2d,2022-03-18 07:03:00,2022-03-18 07:03:00
5,h2d,2022-04-19 12:16:00,2022-04-19 12:16:00
6,h2d,2022-05-08 07:23:00,2022-05-08 07:23:00
7,h2d,2022-06-30 22:40:00,2022-06-30 22:40:00
8,h2d,2022-07-19 02:45:00,2022-07-19 02:45:00
9,h2d,2022-08-16 08:30:00,2022-08-16 08:30:00
10,h2d,2022-10-14 02:09:00,2022-10-14 02:09:00
11,h2d,2022-12-07 08:30:00,2022-12-07 08:30:00
12,h2d,2023-01-29 03:45:00,2023-01-29 03:45:00
13,h2d,2023-03-01 10:35:00,2023-03-01 10:35:00
14,h2d,2023-03-24 06:00:00,2023-03-24 06:00:00
15,h2d,2023-05-16 01:40:00,2023-05-16 01:40:00
16,h2d,2023-07-11 03:40:00,2023-07-11 03:40:00
17,h2d,2023-08-29 03:00:00,2023-08-29 03:00:00
18,h2d,2023-10-08 08:45:00,2023-10-08 08:45:00
19,h2d,2023-11-23 01:40:00,2023-11-23 01:40:00
20,h2d,2023-12-15 03:15:00,2023-12-15 03:15:00
21,h2d,2024-01-17 08:55:00,2024-01-17 08:55:00
22,h2d,2024-02-21 01:12:00,2024-02-21 01:12:00
23,h2d,2024-03-27 02:10:00,2024-03-27 02:10:00
24,h2d,2024-05-07 06:10:00,2024-05-07 06:10:00
25,h2d,2024-05-24 02:40:00,2024-05-24 02:40:00
26,h2d,2024-07-22 22:30:00,2024-07-22 22:30:00
27,h2d,2024-08-15 08:30:00,2024-08-15 08:30:00
0,h2a,2011-09-28 16:20:00,2011-09-28 16:20:00
1,h2a,2012-02-14 03:05:00,2012-02-14 03:05:00
2,h2a,2012-02-24 03:20:00,2012-02-24 03:20:00
3,h2a,2012-04-20 03:20:00,2012-04-20 03:20:00
4,h2a,2012-06-08 02:35:00,2012-06-08 02:35:00
5,h2a,2012-08-01 03:25:00,2012-08-01 03:25:00
6,h2a,2012-10-10 03:26:00,2012-10-10 03:26:00
7,h2a,2012-12-05 01:50:00,2012-12-05 01:50:00
8,h2a,2013-01-11 03:20:00,2013-01-11 03:20:00
9,h2a,2013-03-01 02:35:00,2013-03-01 02:35:00
10,h2a,2013-04-16 01:17:00,2013-04-16 01:17:00
11,h2a,2013-05-30 02:58:00,2013-05-30 02:58:00
12,h2a,2013-07-12 03:25:00,2013-07-12 03:25:00
13,h2a,2013-07-19 04:15:00,2013-07-19 04:15:00
14,h2a,2013-08-23 03:25:00,2013-08-23 03:25:00
15,h2a,2013-11-15 03:23:00,2013-11-15 03:23:00
16,h2a,2013-12-24 02:25:00,2013-12-24 02:25:00
17,h2a,2014-02-18 04:02:00,2014-02-18 04:02:00
18,h2a,2014-03-14 12:36:00,2014-03-14 12:36:00
19,h2a,2014-04-16 04:23:00,2014-04-16 04:23:00
20,h2a,2014-05-30 03:25:00,2014-05-30 03:25:00
21,h2a,2014-08-05 02:25:00,2014-08-05 02:25:00
22,h2a,2014-08-12 04:55:00,2014-08-12 04:55:00
23,h2a,2014-10-23 08:47:00,2014-10-23 08:47:00
24,h2a,2014-11-28 03:25:00,2014-11-28 03:25:00
25,h2a,2015-01-09 01:47:00,2015-01-09 01:47:00
26,h2a,2015-02-28 03:05:00,2015-02-28 03:05:00
27,h2a,2015-04-08 01:56:00,2015-04-08 01:56:00
28,h2a,2015-05-22 02:34:00,2015-05-22 02:34:00
29,h2a,2015-07-16 00:30:00,2015-07-16 00:30:00
30,h2a,2015-09-17 04:50:00,2015-09-17 04:50:00
31,h2a,2016-01-08 03:27:00,2016-01-08 03:27:00
32,h2a,2016-03-01 05:50:00,2016-03-01 05:50:00
33,h2a,2016-03-23 03:40:00,2016-03-23 03:40:00
34,h2a,2016-04-21 04:17:00,2016-04-21 04:17:00
35,h2a,2016-06-21 03:25:00,2016-06-21 03:25:00
36,h2a,2016-08-11 02:05:00,2016-08-11 02:05:00
37,h2a,2016-11-09 03:22:00,2016-11-09 03:22:00
38,h2a,2017-01-20 04:51:00,2017-01-20 04:51:00
39,h2a,2017-03-22 03:55:00,2017-03-22 03:55:00
40,h2a,2017-06-02 01:59:00,2017-06-02 01:59:00
41,h2a,2017-08-01 02:22:00,2017-08-01 02:22:00
42,h2a,2017-10-19 11:23:00,2017-10-19 11:23:00
43,h2a,2018-01-17 02:38:00,2018-01-17 02:38:00
44,h2a,2018-03-07 09:10:00,2018-03-07 09:10:00
45,h2a,2018-04-03 02:15:00,2018-04-03 02:15:00
46,h2a,2018-05-22 03:30:00,2018-05-22 03:30:00
47,h2a,2018-07-10 06:35:00,2018-07-10 06:35:00
48,h2a,2018-08-28 04:30:00,2018-08-28 04:30:00
49,h2a,2018-12-26 03:29:00,2018-12-26 03:29:00
50,h2a,2019-01-30 09:33:00,2019-01-30 09:33:00
51,h2a,2019-02-12 09:20:00,2019-02-12 09:20:00
52,h2a,2019-02-14 01:52:00,2019-02-14 01:52:00
53,h2a,2019-05-23 09:18:00,2019-05-23 09:18:00
54,h2a,2019-09-04 02:41:00,2019-09-04 02:41:00
55,h2a,2020-02-12 03:20:00,2020-02-12 03:20:00
56,h2a,2020-03-31 05:30:00,2020-03-31 05:30:00
57,h2a,2020-06-09 01:40:00,2020-06-09 01:40:00
0,sp5,2002-05-07 14:15:00,2002-05-07 16:00:00
1,sp5,2002-05-15 17:15:00,2002-05-15 19:00:00
2,sp5,2002-06-05 13:21:00,2002-06-05 14:15:00
3,sp5,2002-08-20 17:42:00,2002-08-20 18:35:00
4,sp5,2002-09-02 16:52:00,2002-09-02 17:45:00
5,sp5,2002-09-13 16:40:00,2002-09-13 17:33:00
6,sp5,2002-09-23 16:48:00,2002-09-23 17:41:00
7,sp5,2002-10-23 17:12:00,2002-10-23 18:05:00
8,sp5,2002-11-21 17:55:00,2002-11-21 18:48:00
9,sp5,2003-01-03 17:28:00,2003-01-03 18:21:00
10,sp5,2003-03-16 17:43:00,2003-03-16 18:37:00
11,sp5,2003-06-02 17:01:00,2003-06-02 18:46:00
12,sp5,2003-07-15 17:16:00,2003-07-15 18:09:00
13,sp5,2003-10-25 17:54:00,2003-10-25 18:47:00
14,sp5,2003-11-27 17:18:00,2003-11-27 18:12:00
15,sp5,2003-12-18 17:15:00,2003-12-18 18:08:00
16,sp5,2004-01-26 12:18:00,2004-01-26 13:13:00
17,sp5,2004-01-29 17:06:00,2004-01-29 17:59:00
18,sp5,2004-03-01 16:51:00,2004-03-01 17:44:00
19,sp5,2004-04-15 17:26:00,2004-04-15 18:19:00
20,sp5,2004-05-17 17:11:00,2004-05-17 18:04:00
21,sp5,2004-07-05 18:09:00,2004-07-05 19:03:00
22,sp5,2004-09-14 17:03:00,2004-09-14 17:56:00
23,sp5,2004-12-08 17:27:00,2004-12-08 19:13:00
24,sp5,2005-01-13 16:36:00,2005-01-13 17:29:00
25,sp5,2005-04-02 17:57:00,2005-04-02 18:50:00
26,sp5,2005-07-26 17:01:00,2005-07-26 18:47:00
27,sp5,2005-11-23 17:34:00,2005-11-23 18:27:00
28,sp5,2005-12-06 12:38:00,2005-12-06 13:33:00
29,sp5,2005-12-16 12:46:00,2005-12-16 13:40:00
30,sp5,2006-01-26 17:03:00,2006-01-26 17:56:00
31,sp5,2006-05-16 16:48:00,2006-05-16 17:41:00
32,sp5,2006-08-18 16:49:00,2006-08-18 18:34:00
33,sp5,2006-10-05 17:58:00,2006-10-05 18:51:00
34,sp5,2006-12-26 16:40:00,2006-12-26 17:33:00
35,sp5,2007-03-07 16:32:00,2007-03-07 18:18:00
36,sp5,2007-06-13 17:28:00,2007-06-13 18:22:00
37,sp5,2007-07-21 12:04:00,2007-07-21 12:06:00
38,sp5,2007-10-03 12:27:00,2007-10-03 13:22:00
39,sp5,2008-03-18 18:00:00,2008-03-18 18:54:00
40,sp5,2008-04-16 17:10:00,2008-04-16 18:56:00
41,sp5,2008-05-27 17:13:00,2008-05-27 18:06:00
42,sp5,2008-06-25 19:37:00,2008-06-25 20:30:00
43,sp5,2008-08-20 16:36:00,2008-08-20 17:29:00
44,sp5,2008-09-30 16:48:00,2008-09-30 17:41:00
45,sp5,2008-10-31 16:50:00,2008-10-31 17:43:00
46,sp5,2008-12-03 12:09:00,2008-12-03 13:04:00
47,sp5,2008-12-10 13:16:00,2008-12-10 14:10:00
48,sp5,2008-12-17 12:41:00,2008-12-17 13:35:00
49,sp5,2009-04-26 16:50:00,2009-04-26 17:43:00
50,sp5,2009-06-17 16:09:00,2009-06-17 17:54:00
51,sp5,2009-09-11 17:40:00,2009-09-11 18:33:00
52,sp5,2009-10-09 17:01:00,2009-10-09 17:54:00
53,sp5,2009-12-06 16:46:00,2009-12-06 17:40:00
54,sp5,2010-01-04 17:29:00,2010-01-04 18:22:00
55,sp5,2010-03-27 17:54:00,2010-03-27 18:47:00
56,sp5,2010-04-21 03:42:00,2010-04-21 03:44:00
57,sp5,2010-04-29 17:19:00,2010-04-29 18:13:00
58,sp5,2010-06-28 17:24:00,2010-06-28 19:10:00
59,sp5,2010-10-26 17:59:00,2010-10-26 18:52:00
60,sp5,2010-12-01 18:07:00,2010-12-01 19:00:00
61,sp5,2011-01-24 17:28:00,2011-01-24 18:21:00
62,sp5,2011-02-05 00:13:00,2011-02-05 00:15:00
63,sp5,2011-02-10 17:00:00,2011-02-10 17:54:00
64,sp5,2011-04-17 17:31:00,2011-04-17 18:24:00
65,sp5,2011-06-23 17:00:00,2011-06-23 18:45:00
66,sp5,2011-09-20 17:29:00,2011-09-20 18:22:00
67,sp5,2011-11-22 17:16:00,2011-11-22 18:10:00
68,sp5,2012-02-04 16:51:00,2012-02-04 17:45:00
69,sp5,2012-03-28 17:38:00,2012-03-28 18:31:00
70,sp5,2012-05-19 16:29:00,2012-05-19 17:22:00
71,sp5,2012-07-19 16:13:00,2012-07-19 17:58:00
72,sp5,2012-09-13 17:16:00,2012-09-13 18:10:00
73,sp5,2012-11-04 17:15:00,2012-11-04 18:08:00
74,sp5,2012-11-18 01:51:00,2012-11-18 01:54:00
75,sp5,2012-11-30 17:14:00,2012-11-30 18:07:00
76,sp5,2013-02-18 16:31:00,2013-02-18 17:25:00
77,sp5,2013-05-05 17:07:00,2013-05-05 18:00:00
78,sp5,2013-06-23 23:08:00,2013-06-23 23:11:00
79,sp5,2013-06-28 16:34:00,2013-06-28 18:20:00
80,sp5,2013-08-15 17:41:00,2013-08-15 18:34:00
81,sp5,2013-10-24 15:18:00,2013-10-24 15:20:00
82,sp5,2013-12-18 01:59:00,2013-12-18 02:52:00
83,sp5,2013-12-19 01:59:00,2013-12-19 02:52:00
84,sp5,2014-01-14 13:31:00,2014-01-14 13:34:00
85,sp5,2014-01-16 01:01:00,2014-01-16 01:04:00
86,sp5,2014-02-10 16:48:00,2014-02-10 17:41:00
87,sp5,2014-03-11 11:30:00,2014-03-11 11:33:00
88,sp5,2014-03-13 12:32:00,2014-03-13 12:35:00
89,sp5,2014-05-16 16:15:00,2014-05-16 17:08:00
90,sp5,2014-06-02 03:12:00,2014-06-02 03:15:00
91,sp5,2014-06-05 16:29:00,2014-06-05 17:22:00
92,sp5,2014-07-02 06:28:00,2014-07-02 06:31:00
93,sp5,2014-07-07 15:29:00,2014-07-07 17:14:00
94,sp5,2014-09-12 16:18:00,2014-09-12 17:11:00
95,sp5,2014-10-31 17:13:00,2014-10-31 18:06:00
96,sp5,2014-12-18 16:45:00,2014-12-18 17:39:00
97,sp5,2015-01-15 18:55:00,2015-01-15 18:58:00
98,sp5,2015-01-17 17:07:00,2015-01-17 18:00:00
99,sp5,2015-02-23 16:52:00,2015-02-23 17:45:00
100,sp5,2015-03-20 06:45:00,2015-03-20 06:47:00
101,sp5,2015-03-21 17:40:00,2015-03-21 18:33:00
102,sp5,2015-04-02 04:36:00,2015-04-02 07:12:00
103,sp5,2015-04-13 15:56:00,2015-04-13 16:49:00
104,sp5,2015-04-15 00:14:00,2015-04-15 00:16:00
105,sp5,2015-04-20 16:56:00,2015-04-20 17:49:00
106,sp5,2015-05-18 00:49:00,2015-05-18 00:51:00
107,sp5,2015-05-21 16:33:00,2015-05-21 17:26:00
108,sp5,2015-08-04 16:26:00,2015-08-04 17:19:00
109,sp5,2015-12-01 19:04:00,2015-12-01 21:07:00
110,sp5,2015-12-02 20:16:00,2015-12-02 22:18:00
111,sp5,2015-12-03 21:25:00,2015-12-03 23:27:00
112,sp5,2015-12-04 20:48:00,2015-12-04 22:50:00
113,sp5,2015-12-07 20:26:00,2015-12-07 22:28:00
114,sp5,2015-12-08 21:21:00,2015-12-08 23:22:00
115,sp5,2015-12-09 20:10:00,2015-12-09 20:13:00
0,h2c,2020-10-21 00:34:00,2020-10-21 00:34:00
1,h2c,2020-11-18 06:19:00,2020-11-18 06:19:00
2,h2c,2021-03-12 03:01:00,2021-03-12 03:01:00
3,h2c,2021-05-11 01:56:00,2021-05-11 01:56:00
4,h2c,2021-06-11 07:00:00,2021-06-11 07:00:00
5,h2c,2021-09-02 10:15:00,2021-09-02 10:15:00
6,h2c,2021-10-14 01:40:00,2021-10-14 01:40:00
7,h2c,2022-01-05 06:43:00,2022-01-05 06:43:00
8,h2c,2022-02-22 02:07:00,2022-02-22 02:07:00
9,h2c,2022-04-14 07:55:00,2022-04-14 07:55:00
10,h2c,2022-05-24 09:33:00,2022-05-24 09:33:00
11,h2c,2022-07-08 11:35:00,2022-07-08 11:35:00
12,h2c,2022-09-20 04:07:00,2022-09-20 04:07:00
13,h2c,2022-10-19 00:25:00,2022-10-19 00:25:00
14,h2c,2022-12-01 03:25:00,2022-12-01 03:25:00
15,h2c,2023-01-31 01:20:00,2023-01-31 01:20:00
16,h2c,2023-03-09 02:50:00,2023-03-09 02:50:00
17,h2c,2023-04-24 02:50:00,2023-04-24 02:50:00
18,h2c,2023-06-20 03:05:00,2023-06-20 03:05:00
19,h2c,2023-07-25 03:15:00,2023-07-25 03:15:00
20,h2c,2023-09-07 08:50:00,2023-09-07 08:50:00
21,h2c,2023-10-10 03:00:00,2023-10-10 03:00:00
22,h2c,2023-11-28 02:10:00,2023-11-28 02:10:00
23,h2c,2023-12-29 07:05:00,2023-12-29 07:05:00
24,h2c,2024-02-19 03:30:00,2024-02-19 03:30:00
25,h2c,2024-04-09 08:10:00,2024-04-09 08:10:00
26,h2c,2024-05-15 02:00:00,2024-05-15 02:00:00
27,h2c,2024-07-03 11:02:00,2024-07-03 11:02:00
28,h2c,2024-07-30 06:00:00,2024-07-30 06:00:00
29,h2c,2024-08-20 12:32:00,2024-08-20 12:32:00
0,s6a,2020-11-23 02:38:00,2020-11-23 02:38:00
1,s6a,2020-11-23 09:50:00,2020-11-23 09:58:00
2,s6a,2020-11-24 01:38:00,2020-11-24 01:42:00
3,s6a,2020-11-27 05:22:00,2020-11-27 05:25:00
4,s6a,2020-12-10 05:01:00,2020-12-10 05:08:00
5,s6a,2020-12-14 05:15:00,2020-12-14 05:24:00
6,s6a,2020-12-16 06:27:00,2020-12-16 06:28:00
7,s6a,2020-12-18 00:38:00,2020-12-18 00:39:00
8,s6a,2021-02-18 01:45:00,2021-02-18 01:45:00
9,s6a,2021-04-27 07:42:00,2021-04-27 07:50:00
10,s6a,2021-04-27 08:10:00,2021-04-27 08:10:00
11,s6a,2021-04-29 00:55:00,2021-04-29 00:55:00
12,s6a,2021-04-30 10:39:00,2021-04-30 10:39:00
13,s6a,2021-08-16 00:21:00,2021-08-16 00:21:00
14,s6a,2021-11-25 03:00:00,2021-11-25 03:00:00
15,s6a,2022-03-08 03:00:00,2022-03-08 03:00:00
16,s6a,2022-06-22 07:30:00,2022-06-22 07:30:00
17,s6a,2022-10-13 06:50:00,2022-10-13 06:50:00
18,s6a,2022-12-05 10:35:00,2022-12-05 10:35:00
19,s6a,2023-01-17 13:15:00,2023-01-17 13:15:00
20,s6a,2023-05-25 06:05:00,2023-05-25 06:05:00
21,s6a,2023-08-03 07:02:00,2023-08-03 07:02:00
22,s6a,2023-11-29 08:25:00,2023-11-29 08:25:00
23,s6a,2024-02-29 09:17:00,2024-02-29 09:17:00
24,s6a,2024-05-28 09:51:00,2024-05-28 09:51:00
0,cs2,2010-04-15 17:47:00,2010-04-15 17:48:00
1,cs2,2010-05-03 17:55:00,2010-05-04 00:35:00
2,cs2,2010-05-04 18:38:00,2010-05-04 18:48:00
3,cs2,2010-05-05 17:44:00,2010-05-05 17:59:00
4,cs2,2010-05-06 18:26:00,2010-05-06 18:51:00
5,cs2,2010-05-18 00:42:00,2010-05-18 04:16:00
6,cs2,2010-05-18 23:51:00,2010-05-19 03:24:00
7,cs2,2010-05-20 00:38:00,2010-05-20 04:11:00
8,cs2,2010-05-20 23:46:00,2010-05-21 00:02:00
9,cs2,2010-05-27 00:27:00,2010-05-27 04:01:00
10,cs2,2010-05-28 01:14:00,2010-05-28 04:51:00
11,cs2,2010-06-15 03:02:00,2010-06-15 03:15:00
12,cs2,2010-06-18 01:14:00,2010-06-18 01:15:00
13,cs2,2010-07-20 12:37:00,2010-07-20 12:37:00
14,cs2,2010-10-02 03:01:00,2010-10-02 07:31:00
15,cs2,2010-10-28 06:33:00,2010-10-28 06:33:00
16,cs2,2010-12-16 03:07:00,2010-12-16 03:09:00
17,cs2,2011-01-21 10:05:00,2011-01-21 10:07:00
18,cs2,2011-03-11 08:19:00,2011-03-11 08:22:00
19,cs2,2011-04-14 09:34:00,2011-04-14 09:38:00
20,cs2,2011-06-01 06:13:00,2011-06-01 06:14:00
21,cs2,2011-07-28 04:25:00,2011-07-28 04:28:00
22,cs2,2011-09-01 11:13:00,2011-09-01 11:16:00
23,cs2,2011-09-29 08:29:00,2011-09-29 08:33:00
24,cs2,2011-10-21 09:21:00,2011-10-21 09:25:00
25,cs2,2011-11-09 12:47:00,2011-11-09 12:53:00
26,cs2,2011-11-29 07:07:00,2011-11-29 07:12:00
27,cs2,2011-12-21 09:39:00,2011-12-21 09:41:00
28,cs2,2012-02-16 06:47:00,2012-02-16 06:49:00
29,cs2,2012-03-15 14:02:00,2012-03-15 14:04:00
30,cs2,2012-03-22 14:37:00,2012-03-22 14:38:00
31,cs2,2012-04-19 11:57:00,2012-04-19 11:59:00
32,cs2,2012-05-15 11:00:00,2012-05-15 11:03:00
33,cs2,2012-06-12 09:59:00,2012-06-12 10:03:00
34,cs2,2012-07-12 08:56:00,2012-07-12 08:57:00
35,cs2,2012-07-26 06:47:00,2012-07-26 06:48:00
36,cs2,2012-08-13 07:16:00,2012-08-13 07:17:00
37,cs2,2012-09-20 08:03:00,2012-09-20 08:06:00
38,cs2,2012-10-18 07:03:00,2012-10-18 07:06:00
39,cs2,2012-11-29 12:09:00,2012-11-29 12:12:00
40,cs2,2013-01-09 21:24:00,2013-01-09 21:28:00
41,cs2,2013-01-31 10:42:00,2013-01-31 10:45:00
42,cs2,2013-03-07 08:37:00,2013-03-07 08:39:00
43,cs2,2013-04-04 12:34:00,2013-04-04 12:37:00
44,cs2,2013-04-23 09:24:00,2013-04-23 09:26:00
45,cs2,2013-05-16 07:45:00,2013-05-16 07:47:00
46,cs2,2013-06-06 06:11:00,2013-06-06 06:13:00
47,cs2,2013-07-19 05:27:00,2013-07-19 05:30:00
48,cs2,2013-08-15 13:34:00,2013-08-15 13:36:00
49,cs2,2013-09-03 21:58:00,2013-09-03 22:01:00
50,cs2,2013-10-10 21:27:00,2013-10-10 21:30:00
51,cs2,2013-10-15 00:42:00,2013-10-15 00:48:00
52,cs2,2013-10-15 03:55:00,2013-10-15 04:00:00
53,cs2,2013-11-01 09:07:00,2013-11-01 09:09:00
54,cs2,2013-11-15 05:17:00,2013-11-15 05:22:00
55,cs2,2013-12-05 09:32:00,2013-12-05 09:35:00
56,cs2,2013-12-18 18:08:00,2013-12-18 18:11:00
57,cs2,2014-01-09 05:24:00,2014-01-09 05:26:00
58,cs2,2014-01-31 06:41:00,2014-01-31 06:42:00
59,cs2,2014-02-19 06:49:00,2014-02-19 06:51:00
60,cs2,2014-03-05 09:28:00,2014-03-05 09:32:00
61,cs2,2014-03-21 05:43:00,2014-03-21 05:47:00
62,cs2,2014-04-03 04:26:00,2014-04-03 04:30:00
63,cs2,2014-04-20 10:12:00,2014-04-20 10:16:00
64,cs2,2014-05-16 08:40:00,2014-05-16 08:44:00
65,cs2,2014-06-18 08:18:00,2014-06-18 08:22:00
66,cs2,2014-07-18 12:12:00,2014-07-18 12:14:00
67,cs2,2014-08-28 08:15:00,2014-08-28 08:17:00
68,cs2,2014-09-24 08:06:00,2014-09-24 08:09:00
69,cs2,2014-10-07 00:54:00,2014-10-07 00:58:00
70,cs2,2014-10-09 05:55:00,2014-10-09 05:57:00
71,cs2,2014-10-30 05:09:00,2014-10-30 05:12:00
72,cs2,2014-11-14 05:26:00,2014-11-14 05:30:00
73,cs2,2014-12-04 13:00:00,2014-12-04 13:03:00
74,cs2,2014-12-19 04:56:00,2014-12-19 05:00:00
75,cs2,2015-01-08 14:11:00,2015-01-08 14:16:00
76,cs2,2015-01-17 05:17:00,2015-01-17 05:21:00
77,cs2,2015-01-20 10:26:00,2015-01-20 10:32:00
78,cs2,2015-02-12 10:26:00,2015-02-12 10:32:00
79,cs2,2015-03-16 22:33:00,2015-03-16 22:36:00
80,cs2,2015-04-07 18:26:00,2015-04-07 18:30:00
81,cs2,2015-04-30 06:52:00,2015-04-30 06:55:00
82,cs2,2015-05-25 06:48:00,2015-05-25 06:51:00
83,cs2,2015-06-30 12:09:00,2015-06-30 12:10:00
84,cs2,2015-07-27 00:00:00,2015-07-27 02:09:00
85,cs2,2015-08-27 01:46:00,2015-08-27 01:49:00
86,cs2,2015-10-01 23:59:00,2015-10-02 00:01:00
87,cs2,2015-11-03 19:10:00,2015-11-03 19:13:00
88,cs2,2015-11-30 19:01:00,2015-11-30 19:04:00
89,cs2,2015-12-22 05:01:00,2015-12-22 05:02:00
90,cs2,2016-01-15 07:29:00,2016-01-15 07:30:00
91,cs2,2016-02-19 05:23:00,2016-02-19 05:25:00
92,cs2,2016-03-22 04:12:00,2016-03-22 04:15:00
93,cs2,2016-04-05 22:54:00,2016-04-06 08:44:00
94,cs2,2016-05-10 11:34:00,2016-05-10 11:36:00
95,cs2,2016-06-23 23:11:00,2016-06-23 23:13:00
96,cs2,2016-07-28 08:00:00,2016-07-28 08:00:00
97,cs2,2016-10-20 04:52:00,2016-10-20 04:54:00
98,cs2,2016-12-16 05:17:00,2016-12-16 05:19:00
99,cs2,2017-02-07 14:07:00,2017-02-07 14:09:00
100,cs2,2017-03-16 05:21:00,2017-03-16 05:22:00
101,cs2,2017-05-31 12:45:00,2017-05-31 12:46:00
102,cs2,2017-07-06 04:39:00,2017-07-06 04:40:00
103,cs2,2017-08-23 07:52:00,2017-08-23 07:54:00
104,cs2,2017-10-05 12:07:00,2017-10-05 12:10:00
105,cs2,2017-11-30 13:00:00,2017-11-30 13:02:00
106,cs2,2017-12-20 11:02:00,2017-12-20 11:03:00
107,cs2,2018-03-16 06:03:00,2018-03-16 06:05:00
108,cs2,2018-03-23 08:13:00,2018-03-23 08:19:00
109,cs2,2018-03-23 15:47:00,2018-03-23 15:52:00
110,cs2,2018-04-26 03:57:00,2018-04-26 03:59:00
111,cs2,2018-07-03 13:06:00,2018-07-03 13:08:00
112,cs2,2018-07-09 03:32:00,2018-07-09 03:38:00
113,cs2,2018-07-12 05:52:00,2018-07-12 05:58:00
114,cs2,2018-11-15 09:14:00,2018-11-15 09:15:00
115,cs2,2018-12-13 08:04:00,2018-12-13 08:06:00
116,cs2,2018-12-22 21:20:00,2018-12-22 23:05:00
117,cs2,2019-02-14 09:56:00,2019-02-14 09:58:00
118,cs2,2019-04-03 11:32:00,2019-04-03 11:33:00
119,cs2,2019-06-06 05:55:00,2019-06-06 05:56:00
120,cs2,2019-07-31 04:46:00,2019-07-31 04:47:00
121,cs2,2019-09-17 14:36:00,2019-09-17 14:38:00
122,cs2,2019-11-13 15:02:00,2019-11-13 15:04:00
123,cs2,2020-01-15 12:10:00,2020-01-15 12:11:00
124,cs2,2020-02-27 16:12:00,2020-02-27 16:14:00
125,cs2,2020-04-02 19:02:00,2020-04-02 19:04:00
126,cs2,2020-05-14 15:55:00,2020-05-14 15:57:00
127,cs2,2020-07-16 22:41:00,2020-07-16 22:50:00
128,cs2,2020-07-20 22:34:00,2020-07-21 00:19:00
129,cs2,2020-07-21 01:53:00,2020-07-21 03:38:00
130,cs2,2020-07-23 23:18:00,2020-07-24 01:02:00
131,cs2,2020-07-24 02:36:00,2020-07-24 04:21:00
132,cs2,2020-07-27 23:10:00,2020-07-28 00:54:00
133,cs2,2020-07-28 02:28:00,2020-07-28 04:13:00
134,cs2,2020-07-30 23:20:00,2020-07-30 23:27:00
135,cs2,2020-09-09 08:35:00,2020-09-09 08:37:00
136,cs2,2020-10-22 06:16:00,2020-10-22 06:17:00
137,cs2,2020-11-25 18:45:00,2020-11-25 18:47:00
138,cs2,2020-12-03 09:40:00,2020-12-03 11:21:00
139,cs2,2021-01-26 23:06:00,2021-01-26 23:08:00
140,cs2,2021-03-23 19:47:00,2021-03-23 19:49:00
141,cs2,2021-05-20 08:03:00,2021-05-20 08:04:00
142,cs2,2021-06-17 15:25:00,2021-06-17 15:27:00
143,cs2,2021-07-29 02:32:00,2021-07-29 02:34:00
144,cs2,2021-09-16 01:47:00,2021-09-16 01:50:00
145,cs2,2021-10-13 23:17:00,2021-10-13 23:19:00
146,cs2,2021-11-25 21:07:00,2021-11-25 21:09:00
147,cs2,2021-12-22 12:40:00,2021-12-22 12:42:00
148,cs2,2022-01-21 03:35:00,2022-01-21 03:36:00
149,cs2,2022-02-22 17:28:00,2022-02-22 17:30:00
150,cs2,2022-03-22 16:24:00,2022-03-22 16:27:00
151,cs2,2022-04-13 15:52:00,2022-04-13 15:55:00
152,cs2,2022-04-28 11:18:00,2022-04-28 13:01:00
153,cs2,2022-05-05 14:55:00,2022-05-05 14:59:00
154,cs2,2022-05-24 15:20:00,2022-05-24 15:22:00
155,cs2,2022-06-07 09:24:00,2022-06-07 11:11:00
156,cs2,2022-06-07 12:42:00,2022-06-07 14:29:00
157,cs2,2022-06-09 18:53:00,2022-06-09 18:55:00
158,cs2,2022-06-20 18:29:00,2022-06-20 20:14:00
159,cs2,2022-06-20 21:48:00,2022-06-20 21:53:00
160,cs2,2022-06-23 17:33:00,2022-06-23 19:19:00
161,cs2,2022-06-27 17:26:00,2022-06-27 17:32:00
162,cs2,2022-07-14 14:37:00,2022-07-14 14:39:00
163,cs2,2022-08-03 17:18:00,2022-08-03 17:20:00
164,cs2,2022-09-01 17:13:00,2022-09-01 17:14:00
165,cs2,2022-09-29 16:20:00,2022-09-29 16:22:00
166,cs2,2022-10-02 19:36:00,2022-10-02 19:38:00
167,cs2,2022-10-05 19:26:00,2022-10-05 19:29:00
168,cs2,2022-10-27 17:06:00,2022-10-27 17:08:00
169,cs2,2022-11-22 16:17:00,2022-11-22 16:20:00
170,cs2,2022-12-01 18:30:00,2022-12-01 18:32:00
171,cs2,2022-12-21 19:30:00,2022-12-21 19:33:00
172,cs2,2023-01-12 18:48:00,2023-01-12 18:52:00
173,cs2,2023-01-24 15:06:00,2023-01-24 15:10:00
174,cs2,2023-02-13 17:25:00,2023-02-13 17:31:00
175,cs2,2023-02-21 15:55:00,2023-02-21 15:57:00
176,cs2,2023-03-08 16:14:00,2023-03-08 16:19:00
177,cs2,2023-03-23 16:37:00,2023-03-23 16:40:00
178,cs2,2023-04-05 17:03:00,2023-04-05 17:05:00
179,cs2,2023-04-20 17:24:00,2023-04-20 17:27:00
180,cs2,2023-05-11 17:33:00,2023-05-11 17:36:00
181,cs2,2023-06-12 18:10:00,2023-06-12 18:14:00
182,cs2,2023-06-29 18:35:00,2023-06-29 18:38:00
183,cs2,2023-07-20 17:00:00,2023-07-20 17:03:00
184,cs2,2023-08-10 13:51:00,2023-08-10 13:55:00
185,cs2,2023-08-31 15:40:00,2023-08-31 15:44:00
186,cs2,2023-09-20 16:42:00,2023-09-20 16:46:00
187,cs2,2023-10-04 16:15:00,2023-10-04 16:20:00
188,cs2,2023-10-18 15:34:00,2023-10-18 15:39:00
189,cs2,2023-11-08 15:56:00,2023-11-08 16:01:00
190,cs2,2023-11-22 10:38:00,2023-11-22 10:39:00
191,cs2,2023-12-05 14:18:00,2023-12-05 14:21:00
192,cs2,2023-12-21 17:08:00,2023-12-21 17:10:00
193,cs2,2024-01-09 15:42:00,2024-01-09 15:44:00
194,cs2,2024-01-25 15:10:00,2024-01-25 15:14:00
195,cs2,2024-02-15 15:21:00,2024-02-15 15:25:00
196,cs2,2024-03-07 17:10:00,2024-03-07 17:13:00
197,cs2,2024-03-25 13:17:00,2024-03-25 13:22:00
198,cs2,2024-04-11 15:14:00,2024-04-11 15:17:00
199,cs2,2024-04-24 15:38:00,2024-04-24 15:44:00
200,cs2,2024-05-07 12:10:00,2024-05-07 12:13:00
201,cs2,2024-05-22 14:46:00,2024-05-22 14:52:00
202,cs2,2024-06-13 15:45:00,2024-06-13 15:48:00
203,cs2,2024-07-04 15:54:00,2024-07-04 15:57:00
204,cs2,2024-07-23 12:39:00,2024-07-23 12:42:00
205,cs2,2024-08-08 17:16:00,2024-08-08 17:19:00
206,cs2,2024-08-15 17:52:00,2024-08-15 17:56:00
0,s3b,2018-04-30 09:20:00,2018-04-30 11:44:00
1,s3b,2018-05-01 11:19:00,2018-05-01 13:57:00
2,s3b,2018-05-02 15:08:00,2018-05-02 15:17:00
3,s3b,2018-05-04 10:36:00,2018-05-04 10:37:00
4,s3b,2018-05-08 09:25:00,2018-05-08 11:19:00
5,s3b,2018-05-10 11:31:00,2018-05-10 11:40:00
6,s3b,2018-05-24 13:02:00,2018-05-24 13:13:00
7,s3b,2018-05-29 05:04:00,2018-05-29 05:15:00
8,s3b,2018-05-30 13:06:00,2018-05-30 13:14:00
9,s3b,2018-06-05 04:32:00,2018-06-05 06:17:00
10,s3b,2018-06-06 14:31:00,2018-06-06 14:32:00
11,s3b,2018-08-10 07:31:00,2018-08-10 07:31:00
12,s3b,2018-08-23 04:21:00,2018-08-23 06:02:00
13,s3b,2018-08-30 09:03:00,2018-08-30 09:15:00
14,s3b,2018-10-15 03:00:00,2018-10-15 03:01:00
15,s3b,2018-10-16 10:45:00,2018-10-16 10:49:00
16,s3b,2018-10-24 09:07:00,2018-10-24 09:17:00
17,s3b,2018-10-29 15:14:00,2018-10-29 15:14:00
18,s3b,2018-11-04 10:38:00,2018-11-04 12:19:00
19,s3b,2018-11-20 13:06:00,2018-11-20 14:59:00
20,s3b,2018-11-20 16:28:00,2018-11-20 16:40:00
21,s3b,2018-11-22 20:04:00,2018-11-22 20:07:00
22,s3b,2018-11-23 20:23:00,2018-11-23 20:27:00
23,s3b,2018-11-27 08:32:00,2018-11-27 08:33:00
24,s3b,2018-12-12 13:36:00,2018-12-12 13:45:00
25,s3b,2019-02-13 09:38:00,2019-02-13 09:48:00
26,s3b,2019-06-05 07:50:00,2019-06-05 07:50:00
27,s3b,2019-06-19 06:46:00,2019-06-19 06:55:00
28,s3b,2019-08-28 09:57:00,2019-08-28 09:57:00
29,s3b,2019-10-10 17:44:00,2019-10-10 19:26:00
30,s3b,2019-10-16 07:02:00,2019-10-16 07:16:00
31,s3b,2019-12-18 08:23:00,2019-12-18 08:23:00
32,s3b,2020-02-05 08:42:00,2020-02-05 08:54:00
33,s3b,2020-04-08 11:29:00,2020-04-08 11:40:00
34,s3b,2020-05-27 07:04:00,2020-05-27 07:04:00
35,s3b,2020-07-29 08:03:00,2020-07-29 08:03:00
36,s3b,2020-10-07 09:28:00,2020-10-07 09:42:00
37,s3b,2020-12-16 07:54:00,2020-12-16 07:54:00
38,s3b,2021-01-13 08:50:00,2021-01-13 08:50:00
39,s3b,2021-02-03 08:05:00,2021-02-03 08:18:00
40,s3b,2021-04-14 11:07:00,2021-04-14 11:21:00
41,s3b,2021-05-19 09:30:00,2021-05-19 09:30:00
42,s3b,2021-07-21 07:10:00,2021-07-21 07:10:00
43,s3b,2021-09-29 08:40:00,2021-09-29 08:40:00
44,s3b,2021-10-20 12:51:00,2021-10-20 13:05:00
45,s3b,2021-12-01 08:20:00,2021-12-01 08:20:00
46,s3b,2022-01-12 08:23:00,2022-01-12 08:23:00
47,s3b,2022-02-02 07:28:00,2022-02-02 07:41:00
48,s3b,2022-03-16 07:44:00,2022-03-16 07:44:00
49,s3b,2022-04-06 08:31:00,2022-04-06 08:45:00
50,s3b,2022-04-27 09:30:00,2022-04-27 09:30:00
51,s3b,2022-05-24 07:50:00,2022-05-24 07:50:00
52,s3b,2022-06-29 08:53:00,2022-06-29 08:53:00
53,s3b,2022-08-09 08:00:00,2022-08-09 08:00:00
54,s3b,2022-09-21 07:45:00,2022-09-21 07:45:00
55,s3b,2022-10-06 07:47:00,2022-10-06 08:02:00
56,s3b,2022-10-20 08:40:00,2022-10-20 08:40:00
57,s3b,2022-11-22 07:50:00,2022-11-22 07:50:00
58,s3b,2022-12-21 08:35:00,2022-12-21 08:35:00
59,s3b,2023-01-12 07:20:00,2023-01-12 07:20:00
60,s3b,2023-01-23 07:25:00,2023-01-23 07:38:00
61,s3b,2023-02-16 10:35:00,2023-02-16 10:35:00
62,s3b,2023-03-07 07:20:00,2023-03-07 07:21:00
63,s3b,2023-03-13 15:57:00,2023-03-13 18:05:00
64,s3b,2023-03-22 09:05:00,2023-03-22 09:05:00
65,s3b,2023-04-05 09:35:00,2023-04-05 09:50:00
66,s3b,2023-04-20 09:55:00,2023-04-20 09:55:00
67,s3b,2023-05-11 09:10:00,2023-05-11 09:10:00
68,s3b,2023-06-06 07:55:00,2023-06-06 07:55:00
69,s3b,2023-06-29 08:00:00,2023-06-29 08:00:00
70,s3b,2023-07-27 07:35:00,2023-07-27 07:35:00
71,s3b,2023-08-10 15:20:00,2023-08-10 15:21:00
72,s3b,2023-08-16 07:13:00,2023-08-16 07:13:00
73,s3b,2023-08-31 07:24:00,2023-08-31 07:24:00
74,s3b,2023-09-20 08:40:00,2023-09-20 08:54:00
75,s3b,2023-09-28 08:40:00,2023-09-28 08:40:00
76,s3b,2023-10-13 08:55:00,2023-10-13 08:55:00
77,s3b,2023-11-01 09:05:00,2023-11-01 09:05:00
78,s3b,2023-11-03 20:33:00,2023-11-03 22:14:00
79,s3b,2023-11-15 09:44:00,2023-11-15 09:44:00
80,s3b,2023-11-17 07:28:00,2023-11-17 09:09:00
81,s3b,2023-12-07 08:34:00,2023-12-07 08:35:00
82,s3b,2024-01-04 08:10:00,2024-01-04 08:10:00
83,s3b,2024-01-17 08:59:00,2024-01-17 09:14:00
84,s3b,2024-01-31 08:10:00,2024-01-31 08:10:00
85,s3b,2024-02-10 05:44:00,2024-02-10 07:12:00
86,s3b,2024-02-25 15:45:00,2024-02-25 15:45:00
87,s3b,2024-03-20 08:30:00,2024-03-20 08:30:00
88,s3b,2024-03-28 08:13:00,2024-03-28 08:29:00
89,s3b,2024-03-29 05:30:00,2024-03-29 08:01:00
90,s3b,2024-04-17 08:00:00,2024-04-17 08:00:00
91,s3b,2024-04-25 07:50:00,2024-04-25 07:51:00
92,s3b,2024-05-15 07:35:00,2024-05-15 07:36:00
93,s3b,2024-05-24 07:05:00,2024-05-24 07:05:00
94,s3b,2024-06-20 08:40:00,2024-06-20 08:40:00
95,s3b,2024-07-10 08:25:00,2024-07-10 08:25:00
96,s3b,2024-07-26 08:05:00,2024-07-26 08:05:00
97,s3b,2024-08-13 13:47:00,2024-08-13 13:48:00
98,s3b,2024-08-20 09:02:00,2024-08-20 09:03:00
0,ja2,2008-06-23 01:31:00,2008-06-23 04:20:00
1,ja2,2008-06-25 02:08:00,2008-06-25 04:58:00
2,ja2,2008-06-28 02:11:00,2008-06-28 05:03:00
3,ja2,2008-06-30 18:59:00,2008-06-30 21:53:00
4,ja2,2008-07-04 03:49:00,2008-07-04 06:45:00
5,ja2,2008-07-04 22:32:00,2008-07-05 01:21:00
6,ja2,2008-07-08 03:12:00,2008-07-08 03:12:00
7,ja2,2008-08-27 16:45:00,2008-08-27 16:45:00
8,ja2,2008-12-18 23:47:00,2008-12-18 23:47:00
9,ja2,2009-05-05 06:27:00,2009-05-05 06:27:00
10,ja2,2009-08-23 21:13:00,2009-08-23 21:13:00
11,ja2,2009-12-17 15:56:00,2009-12-17 15:56:00
12,ja2,2010-04-15 15:38:00,2010-04-15 15:38:00
13,ja2,2010-07-25 22:03:00,2010-07-25 22:03:00
14,ja2,2010-11-05 01:00:00,2010-11-05 01:00:00
15,ja2,2011-02-28 21:42:00,2011-02-28 21:42:00
16,ja2,2011-05-26 08:05:00,2011-05-26 08:05:00
17,ja2,2011-08-28 10:00:00,2011-08-28 10:00:00
18,ja2,2011-10-28 00:07:00,2011-10-28 00:07:00
19,ja2,2011-12-16 03:18:00,2011-12-16 03:18:00
20,ja2,2012-03-08 19:29:00,2012-03-08 19:30:00
21,ja2,2012-05-21 08:42:00,2012-05-21 08:42:00
22,ja2,2012-08-01 04:14:00,2012-08-01 04:14:00
23,ja2,2012-10-22 19:24:00,2012-10-22 19:24:00
24,ja2,2012-12-19 17:22:00,2012-12-19 17:22:00
25,ja2,2013-03-07 17:21:00,2013-03-07 17:21:00
26,ja2,2013-05-16 01:15:00,2013-05-16 01:15:00
27,ja2,2013-08-11 17:58:00,2013-08-11 17:58:00
28,ja2,2013-10-28 21:24:00,2013-10-28 21:24:00
29,ja2,2013-12-18 05:54:00,2013-12-18 05:54:00
30,ja2,2014-02-27 16:28:00,2014-02-27 16:28:00
31,ja2,2014-04-25 08:57:00,2014-04-25 08:57:00
32,ja2,2014-05-25 23:25:00,2014-05-25 23:25:00
33,ja2,2014-07-10 11:48:00,2014-07-10 11:48:00
34,ja2,2014-10-16 19:00:00,2014-10-16 19:00:00
35,ja2,2014-12-10 05:01:00,2014-12-10 05:01:00
36,ja2,2015-03-05 11:13:00,2015-03-05 11:13:00
37,ja2,2015-05-19 21:22:00,2015-05-19 21:22:00
38,ja2,2015-09-06 21:33:00,2015-09-06 21:33:00
39,ja2,2015-11-18 21:49:00,2015-11-19 01:34:00
40,ja2,2016-01-21 03:45:00,2016-01-21 03:45:00
41,ja2,2016-04-26 21:02:00,2016-04-26 21:02:00
42,ja2,2016-08-31 21:48:00,2016-08-31 21:48:00
43,ja2,2016-10-02 13:32:00,2016-10-02 16:28:00
44,ja2,2016-10-03 15:45:00,2016-10-03 18:40:00
45,ja2,2016-10-11 05:01:00,2016-10-11 07:57:00
46,ja2,2016-10-13 04:33:00,2016-10-13 07:29:00
47,ja2,2016-10-14 10:28:00,2016-10-14 10:28:00
48,ja2,2016-11-03 06:26:00,2016-11-03 06:26:00
49,ja2,2017-01-29 23:14:00,2017-01-29 23:14:00
50,ja2,2017-03-30 13:10:00,2017-03-30 13:10:00
51,ja2,2017-06-28 05:47:00,2017-06-28 05:47:00
52,ja2,2017-07-03 20:42:00,2017-07-03 21:42:00
53,ja2,2017-07-04 15:26:00,2017-07-04 16:26:00
54,ja2,2017-07-05 15:43:00,2017-07-05 16:47:00
55,ja2,2017-07-06 16:00:00,2017-07-06 17:04:00
56,ja2,2017-07-10 04:27:00,2017-07-10 04:27:00
57,ja2,2017-10-13 02:02:00,2017-10-13 02:02:00
58,ja2,2017-11-06 02:16:00,2017-11-06 02:16:00
59,ja2,2018-02-05 00:55:00,2018-02-05 06:40:00
60,ja2,2018-03-02 04:21:00,2018-03-02 04:21:00
61,ja2,2018-04-06 00:55:00,2018-04-06 06:40:00
62,ja2,2018-04-08 23:45:00,2018-04-09 05:30:00
63,ja2,2018-04-10 02:02:00,2018-04-10 02:03:00
64,ja2,2018-04-10 22:21:00,2018-04-11 05:58:00
65,ja2,2018-04-11 22:35:00,2018-04-12 04:20:00
66,ja2,2018-04-13 04:24:00,2018-04-13 04:25:00
67,ja2,2018-04-16 21:53:00,2018-04-17 03:38:00
68,ja2,2018-04-17 22:07:00,2018-04-18 03:52:00
69,ja2,2018-04-19 02:03:00,2018-04-19 02:03:00
70,ja2,2018-04-22 21:27:00,2018-04-23 03:08:00
71,ja2,2018-06-19 20:58:00,2018-06-19 20:58:00
72,ja2,2018-07-16 02:34:00,2018-07-16 02:35:00
73,ja2,2018-07-18 08:37:00,2018-07-18 08:38:00
74,ja2,2018-08-08 17:24:00,2018-08-08 17:24:00
75,ja2,2018-09-25 00:54:00,2018-09-25 06:40:00
76,ja2,2018-09-26 01:08:00,2018-09-26 06:54:00
77,ja2,2018-09-27 01:25:00,2018-09-27 01:25:00
78,ja2,2018-10-01 00:27:00,2018-10-01 06:12:00
79,ja2,2018-10-01 22:49:00,2018-10-02 06:25:00
80,ja2,2018-12-18 20:09:00,2018-12-18 20:10:00
81,ja2,2019-05-22 19:58:00,2019-05-22 20:03:00
82,ja2,2019-05-28 02:46:00,2019-05-28 02:51:00
83,ja2,2019-06-04 06:56:00,2019-06-04 06:57:00
84,ja2,2019-07-31 03:48:00,2019-07-31 03:49:00
85,ja2,2019-09-10 20:51:00,2019-09-11 00:46:00
86,ja2,2019-09-11 21:05:00,2019-09-12 00:59:00
87,ja2,2019-09-13 01:13:00,2019-09-13 01:14:00
88,ja2,2019-09-15 22:08:00,2019-09-16 02:03:00
89,ja2,2019-09-16 20:33:00,2019-09-17 00:23:00
90,ja2,2019-09-17 20:49:00,2019-09-18 00:35:00
91,ja2,2019-09-18 21:03:00,2019-09-19 00:49:00
92,ja2,2019-09-19 21:17:00,2019-09-20 01:03:00
93,ja2,2019-09-22 20:07:00,2019-09-22 23:53:00
94,ja2,2019-09-23 20:21:00,2019-09-24 00:07:00
95,ja2,2019-09-24 18:43:00,2019-09-24 22:29:00
96,ja2,2019-09-25 02:10:00,2019-09-25 05:57:00
97,ja2,2019-09-25 18:57:00,2019-09-25 22:43:00
98,ja2,2019-09-26 02:24:00,2019-09-26 06:11:00
99,ja2,2019-09-26 19:11:00,2019-09-26 22:57:00
100,ja2,2019-09-27 02:38:00,2019-09-27 06:25:00
101,ja2,2019-09-29 18:01:00,2019-09-29 21:47:00
102,ja2,2019-09-30 01:28:00,2019-09-30 05:15:00
103,ja2,2019-09-30 18:15:00,2019-09-30 22:01:00
104,ja2,2019-10-01 01:42:00,2019-10-01 05:29:00
105,ja2,2019-10-01 18:29:00,2019-10-01 22:15:00
106,ja2,2019-10-02 01:56:00,2019-10-02 05:43:00
107,ja2,2019-10-02 18:43:00,2019-10-02 22:29:00
108,ja2,2019-10-03 02:10:00,2019-10-03 05:57:00
109,ja2,2019-10-03 18:57:00,2019-10-03 22:43:00
110,ja2,2019-10-04 02:24:00,2019-10-04 06:11:00
0,sp3,1993-10-15 00:17:00,1993-10-15 01:11:00
1,sp3,1993-12-07 23:38:00,1993-12-08 00:32:00
2,sp3,1994-02-17 00:14:00,1994-02-17 01:08:00
3,sp3,1994-05-04 00:53:00,1994-05-04 01:47:00
4,sp3,1994-06-22 23:50:00,1994-06-23 00:44:00
5,sp3,1994-12-08 00:59:00,1994-12-08 01:56:00
6,sp3,1995-02-01 12:45:00,1995-02-01 12:57:00
7,sp3,1995-02-03 01:03:00,1995-02-03 02:00:00
8,sp3,1995-02-05 20:37:00,1995-02-06 02:00:00
9,sp3,1995-03-23 00:40:00,1995-03-23 01:37:00
10,sp3,1995-06-08 01:00:00,1995-06-08 01:57:00
11,sp3,1995-07-02 05:35:00,1995-07-02 10:55:00
12,sp3,1995-07-20 00:52:00,1995-07-20 01:49:00
13,sp3,1995-07-31 00:00:00,1995-07-31 13:30:00
14,sp3,1995-12-19 00:29:00,1995-12-19 01:26:00
15,sp3,1996-02-07 10:00:00,1996-02-07 12:00:00
16,sp3,1996-02-20 23:58:00,1996-02-21 00:55:00
17,sp3,1996-03-28 00:06:00,1996-03-28 01:03:00
18,sp3,1996-05-27 22:14:00,1996-05-28 05:10:00
19,sp3,1996-07-18 00:51:00,1996-07-18 01:48:00
20,sp3,1996-09-10 12:50:00,1996-09-10 13:10:00
21,sp3,1996-09-12 01:16:00,1996-09-12 02:06:00
22,sp3,1996-11-06 00:17:00,1996-11-06 01:13:00
23,sp3,1996-11-09 12:40:00,1996-11-10 00:55:00
